sample,run,bam
Bari1_002,SRR6242348,/group/peg/cicer/chickpea/genome/PBA_HatTrick/alignments/cret/Bari1_002_SRR6242348.bam
Bari1_063,SRR6242350,/group/peg/cicer/chickpea/genome/PBA_HatTrick/alignments/cret/Bari1_063_SRR6242350.bam
Bari1_063,SRR6242351,/group/peg/cicer/chickpea/genome/PBA_HatTrick/alignments/cret/Bari1_063_SRR6242351.bam
Bari1_064,SRR6242352,/group/peg/cicer/chickpea/genome/PBA_HatTrick/alignments/cret/Bari1_064_SRR6242352.bam
Bari1_064,SRR6242353,/group/peg/cicer/chickpea/genome/PBA_HatTrick/alignments/cret/Bari1_064_SRR6242353.bam
Bari1_068,SRR6242354,/group/peg/cicer/chickpea/genome/PBA_HatTrick/alignments/cret/Bari1_068_SRR6242354.bam
Bari1_068,SRR6242355,/group/peg/cicer/chickpea/genome/PBA_HatTrick/alignments/cret/Bari1_068_SRR6242355.bam
Bari1_069,SRR6242346,/group/peg/cicer/chickpea/genome/PBA_HatTrick/alignments/cret/Bari1_069_SRR6242346.bam
Bari1_069,SRR6242347,/group/peg/cicer/chickpea/genome/PBA_HatTrick/alignments/cret/Bari1_069_SRR6242347.bam
Bari1_091,SRR6242420,/group/peg/cicer/chickpea/genome/PBA_HatTrick/alignments/cret/Bari1_091_SRR6242420.bam
Bari1_092,SRR6242419,/group/peg/cicer/chickpea/genome/PBA_HatTrick/alignments/cret/Bari1_092_SRR6242419.bam
Bari1_093,SRR6242612,/group/peg/cicer/chickpea/genome/PBA_HatTrick/alignments/cret/Bari1_093_SRR6242612.bam
Bari2_062,SRR6242431,/group/peg/cicer/chickpea/genome/PBA_HatTrick/alignments/cret/Bari2_062_SRR6242431.bam
Bari2_062,SRR6242432,/group/peg/cicer/chickpea/genome/PBA_HatTrick/alignments/cret/Bari2_062_SRR6242432.bam
Bari2_064,SRR6242427,/group/peg/cicer/chickpea/genome/PBA_HatTrick/alignments/cret/Bari2_064_SRR6242427.bam
Bari2_064,SRR6242440,/group/peg/cicer/chickpea/genome/PBA_HatTrick/alignments/cret/Bari2_064_SRR6242440.bam
Bari2_067,SRR6242434,/group/peg/cicer/chickpea/genome/PBA_HatTrick/alignments/cret/Bari2_067_SRR6242434.bam
Bari2_067,SRR6242521,/group/peg/cicer/chickpea/genome/PBA_HatTrick/alignments/cret/Bari2_067_SRR6242521.bam
Bari2_072N2,SRR6242522,/group/peg/cicer/chickpea/genome/PBA_HatTrick/alignments/cret/Bari2_072N2_SRR6242522.bam
Bari2_074,SRR6242519,/group/peg/cicer/chickpea/genome/PBA_HatTrick/alignments/cret/Bari2_074_SRR6242519.bam
Bari2_074,SRR6242520,/group/peg/cicer/chickpea/genome/PBA_HatTrick/alignments/cret/Bari2_074_SRR6242520.bam
Bari3_064,SRR6242525,/group/peg/cicer/chickpea/genome/PBA_HatTrick/alignments/cret/Bari3_064_SRR6242525.bam
Bari3_064,SRR6242526,/group/peg/cicer/chickpea/genome/PBA_HatTrick/alignments/cret/Bari3_064_SRR6242526.bam
Bari3_065,SRR6242523,/group/peg/cicer/chickpea/genome/PBA_HatTrick/alignments/cret/Bari3_065_SRR6242523.bam
Bari3_065,SRR6242524,/group/peg/cicer/chickpea/genome/PBA_HatTrick/alignments/cret/Bari3_065_SRR6242524.bam
Bari3_067,SRR6242517,/group/peg/cicer/chickpea/genome/PBA_HatTrick/alignments/cret/Bari3_067_SRR6242517.bam
Bari3_067,SRR6242518,/group/peg/cicer/chickpea/genome/PBA_HatTrick/alignments/cret/Bari3_067_SRR6242518.bam
Bari3_072C,SRR6242390,/group/peg/cicer/chickpea/genome/PBA_HatTrick/alignments/cret/Bari3_072C_SRR6242390.bam
Bari3_072C,SRR6242391,/group/peg/cicer/chickpea/genome/PBA_HatTrick/alignments/cret/Bari3_072C_SRR6242391.bam
Bari3_074,SRR6242392,/group/peg/cicer/chickpea/genome/PBA_HatTrick/alignments/cret/Bari3_074_SRR6242392.bam
Bari3_075,SRR6242394,/group/peg/cicer/chickpea/genome/PBA_HatTrick/alignments/cret/Bari3_075_SRR6242394.bam
Bari3_079,SRR6242396,/group/peg/cicer/chickpea/genome/PBA_HatTrick/alignments/cret/Bari3_079_SRR6242396.bam
Bari3_091,SRR6242388,/group/peg/cicer/chickpea/genome/PBA_HatTrick/alignments/cret/Bari3_091_SRR6242388.bam
Bari3_092,SRR6242665,/group/peg/cicer/chickpea/genome/PBA_HatTrick/alignments/cret/Bari3_092_SRR6242665.bam
Bari3_100,SRR6242666,/group/peg/cicer/chickpea/genome/PBA_HatTrick/alignments/cret/Bari3_100_SRR6242666.bam
Bari3_100,SRR6242667,/group/peg/cicer/chickpea/genome/PBA_HatTrick/alignments/cret/Bari3_100_SRR6242667.bam
Bari3_101,SRR6242668,/group/peg/cicer/chickpea/genome/PBA_HatTrick/alignments/cret/Bari3_101_SRR6242668.bam
Bari3_101,SRR6242669,/group/peg/cicer/chickpea/genome/PBA_HatTrick/alignments/cret/Bari3_101_SRR6242669.bam
Bari3_102,SRR6242670,/group/peg/cicer/chickpea/genome/PBA_HatTrick/alignments/cret/Bari3_102_SRR6242670.bam
Bari3_102,SRR6242671,/group/peg/cicer/chickpea/genome/PBA_HatTrick/alignments/cret/Bari3_102_SRR6242671.bam
Bari3_103,SRR6242662,/group/peg/cicer/chickpea/genome/PBA_HatTrick/alignments/cret/Bari3_103_SRR6242662.bam
Bari3_103,SRR6242663,/group/peg/cicer/chickpea/genome/PBA_HatTrick/alignments/cret/Bari3_103_SRR6242663.bam
Bari3_104,SRR6242555,/group/peg/cicer/chickpea/genome/PBA_HatTrick/alignments/cret/Bari3_104_SRR6242555.bam
Bari3_106D,SRR6242559,/group/peg/cicer/chickpea/genome/PBA_HatTrick/alignments/cret/Bari3_106D_SRR6242559.bam
Bari3_106D,SRR6242560,/group/peg/cicer/chickpea/genome/PBA_HatTrick/alignments/cret/Bari3_106D_SRR6242560.bam
Bari3_110,SRR6242557,/group/peg/cicer/chickpea/genome/PBA_HatTrick/alignments/cret/Bari3_110_SRR6242557.bam
Bari3_112,SRR6242450,/group/peg/cicer/chickpea/genome/PBA_HatTrick/alignments/cret/Bari3_112_SRR6242450.bam
Bari3_112,SRR6242556,/group/peg/cicer/chickpea/genome/PBA_HatTrick/alignments/cret/Bari3_112_SRR6242556.bam
Besev_061,SRR6242444,/group/peg/cicer/chickpea/genome/PBA_HatTrick/alignments/cret/Besev_061_SRR6242444.bam
Besev_062,SRR6242492,/group/peg/cicer/chickpea/genome/PBA_HatTrick/alignments/cret/Besev_062_SRR6242492.bam
Besev_062,SRR6242493,/group/peg/cicer/chickpea/genome/PBA_HatTrick/alignments/cret/Besev_062_SRR6242493.bam
Besev_065,SRR6242490,/group/peg/cicer/chickpea/genome/PBA_HatTrick/alignments/cret/Besev_065_SRR6242490.bam
Besev_065,SRR6242491,/group/peg/cicer/chickpea/genome/PBA_HatTrick/alignments/cret/Besev_065_SRR6242491.bam
Besev_066,SRR6242489,/group/peg/cicer/chickpea/genome/PBA_HatTrick/alignments/cret/Besev_066_SRR6242489.bam
Besev_066,SRR6242574,/group/peg/cicer/chickpea/genome/PBA_HatTrick/alignments/cret/Besev_066_SRR6242574.bam
Besev_074,SRR6242487,/group/peg/cicer/chickpea/genome/PBA_HatTrick/alignments/cret/Besev_074_SRR6242487.bam
Besev_075,SRR6242494,/group/peg/cicer/chickpea/genome/PBA_HatTrick/alignments/cret/Besev_075_SRR6242494.bam
Besev_075,SRR6242495,/group/peg/cicer/chickpea/genome/PBA_HatTrick/alignments/cret/Besev_075_SRR6242495.bam
Besev_079,SRR6242340,/group/peg/cicer/chickpea/genome/PBA_HatTrick/alignments/cret/Besev_079_SRR6242340.bam
Besev_079,SRR6242341,/group/peg/cicer/chickpea/genome/PBA_HatTrick/alignments/cret/Besev_079_SRR6242341.bam
Besev_079,SRR6242343,/group/peg/cicer/chickpea/genome/PBA_HatTrick/alignments/cret/Besev_079_SRR6242343.bam
Besev_083,SRR6242337,/group/peg/cicer/chickpea/genome/PBA_HatTrick/alignments/cret/Besev_083_SRR6242337.bam
Besev_083,SRR6242342,/group/peg/cicer/chickpea/genome/PBA_HatTrick/alignments/cret/Besev_083_SRR6242342.bam
CudiA_101,SRR6242336,/group/peg/cicer/chickpea/genome/PBA_HatTrick/alignments/cret/CudiA_101_SRR6242336.bam
CudiA_101,SRR6242339,/group/peg/cicer/chickpea/genome/PBA_HatTrick/alignments/cret/CudiA_101_SRR6242339.bam
CudiA_104,SRR6242338,/group/peg/cicer/chickpea/genome/PBA_HatTrick/alignments/cret/CudiA_104_SRR6242338.bam
CudiA_104,SRR6242345,/group/peg/cicer/chickpea/genome/PBA_HatTrick/alignments/cret/CudiA_104_SRR6242345.bam
CudiA_105,SRR6242344,/group/peg/cicer/chickpea/genome/PBA_HatTrick/alignments/cret/CudiA_105_SRR6242344.bam
CudiA_105,SRR6242372,/group/peg/cicer/chickpea/genome/PBA_HatTrick/alignments/cret/CudiA_105_SRR6242372.bam
CudiA_122,SRR6242374,/group/peg/cicer/chickpea/genome/PBA_HatTrick/alignments/cret/CudiA_122_SRR6242374.bam
CudiA_124,SRR6242368,/group/peg/cicer/chickpea/genome/PBA_HatTrick/alignments/cret/CudiA_124_SRR6242368.bam
CudiA_127,SRR6242370,/group/peg/cicer/chickpea/genome/PBA_HatTrick/alignments/cret/CudiA_127_SRR6242370.bam
CudiA_128,SRR6242371,/group/peg/cicer/chickpea/genome/PBA_HatTrick/alignments/cret/CudiA_128_SRR6242371.bam
CudiA_128,SRR6242376,/group/peg/cicer/chickpea/genome/PBA_HatTrick/alignments/cret/CudiA_128_SRR6242376.bam
CudiA_151,SRR6242260,/group/peg/cicer/chickpea/genome/PBA_HatTrick/alignments/cret/CudiA_151_SRR6242260.bam
CudiA_152,SRR6242258,/group/peg/cicer/chickpea/genome/PBA_HatTrick/alignments/cret/CudiA_152_SRR6242258.bam
CudiA_152,SRR6242259,/group/peg/cicer/chickpea/genome/PBA_HatTrick/alignments/cret/CudiA_152_SRR6242259.bam
CudiA_153,SRR6242264,/group/peg/cicer/chickpea/genome/PBA_HatTrick/alignments/cret/CudiA_153_SRR6242264.bam
CudiA_154,SRR6242262,/group/peg/cicer/chickpea/genome/PBA_HatTrick/alignments/cret/CudiA_154_SRR6242262.bam
CudiA_155,SRR6242256,/group/peg/cicer/chickpea/genome/PBA_HatTrick/alignments/cret/CudiA_155_SRR6242256.bam
CudiA_155,SRR6242261,/group/peg/cicer/chickpea/genome/PBA_HatTrick/alignments/cret/CudiA_155_SRR6242261.bam
CudiA_221,SRR6242577,/group/peg/cicer/chickpea/genome/PBA_HatTrick/alignments/cret/CudiA_221_SRR6242577.bam
CudiB_004,SRR6242575,/group/peg/cicer/chickpea/genome/PBA_HatTrick/alignments/cret/CudiB_004_SRR6242575.bam
CudiB_004,SRR6242578,/group/peg/cicer/chickpea/genome/PBA_HatTrick/alignments/cret/CudiB_004_SRR6242578.bam
CudiB_005,SRR6242581,/group/peg/cicer/chickpea/genome/PBA_HatTrick/alignments/cret/CudiB_005_SRR6242581.bam
CudiB_006,SRR6242579,/group/peg/cicer/chickpea/genome/PBA_HatTrick/alignments/cret/CudiB_006_SRR6242579.bam
CudiB_008,SRR6242583,/group/peg/cicer/chickpea/genome/PBA_HatTrick/alignments/cret/CudiB_008_SRR6242583.bam
CudiB_009,SRR6242246,/group/peg/cicer/chickpea/genome/PBA_HatTrick/alignments/cret/CudiB_009_SRR6242246.bam
CudiB_011,SRR6242248,/group/peg/cicer/chickpea/genome/PBA_HatTrick/alignments/cret/CudiB_011_SRR6242248.bam
CudiB_016,SRR6242247,/group/peg/cicer/chickpea/genome/PBA_HatTrick/alignments/cret/CudiB_016_SRR6242247.bam
CudiB_016,SRR6242250,/group/peg/cicer/chickpea/genome/PBA_HatTrick/alignments/cret/CudiB_016_SRR6242250.bam
CudiB_017,SRR6242249,/group/peg/cicer/chickpea/genome/PBA_HatTrick/alignments/cret/CudiB_017_SRR6242249.bam
CudiB_017,SRR6242252,/group/peg/cicer/chickpea/genome/PBA_HatTrick/alignments/cret/CudiB_017_SRR6242252.bam
CudiB_018,SRR6242251,/group/peg/cicer/chickpea/genome/PBA_HatTrick/alignments/cret/CudiB_018_SRR6242251.bam
CudiB_018,SRR6242254,/group/peg/cicer/chickpea/genome/PBA_HatTrick/alignments/cret/CudiB_018_SRR6242254.bam
CudiB_019,SRR6242253,/group/peg/cicer/chickpea/genome/PBA_HatTrick/alignments/cret/CudiB_019_SRR6242253.bam
CudiB_019,SRR6242315,/group/peg/cicer/chickpea/genome/PBA_HatTrick/alignments/cret/CudiB_019_SRR6242315.bam
CudiB_022C,SRR6242316,/group/peg/cicer/chickpea/genome/PBA_HatTrick/alignments/cret/CudiB_022C_SRR6242316.bam
CudiB_023,SRR6242318,/group/peg/cicer/chickpea/genome/PBA_HatTrick/alignments/cret/CudiB_023_SRR6242318.bam
Derei_062,SRR6242320,/group/peg/cicer/chickpea/genome/PBA_HatTrick/alignments/cret/Derei_062_SRR6242320.bam
Derei_063,SRR6242321,/group/peg/cicer/chickpea/genome/PBA_HatTrick/alignments/cret/Derei_063_SRR6242321.bam
Derei_063,SRR6242322,/group/peg/cicer/chickpea/genome/PBA_HatTrick/alignments/cret/Derei_063_SRR6242322.bam
Derei_065,SRR6242314,/group/peg/cicer/chickpea/genome/PBA_HatTrick/alignments/cret/Derei_065_SRR6242314.bam
Derei_066,SRR6242460,/group/peg/cicer/chickpea/genome/PBA_HatTrick/alignments/cret/Derei_066_SRR6242460.bam
Derei_069,SRR6242458,/group/peg/cicer/chickpea/genome/PBA_HatTrick/alignments/cret/Derei_069_SRR6242458.bam
Derei_069,SRR6242459,/group/peg/cicer/chickpea/genome/PBA_HatTrick/alignments/cret/Derei_069_SRR6242459.bam
Derei_070,SRR6242457,/group/peg/cicer/chickpea/genome/PBA_HatTrick/alignments/cret/Derei_070_SRR6242457.bam
Derei_072,SRR6242455,/group/peg/cicer/chickpea/genome/PBA_HatTrick/alignments/cret/Derei_072_SRR6242455.bam
Derei_072,SRR6242456,/group/peg/cicer/chickpea/genome/PBA_HatTrick/alignments/cret/Derei_072_SRR6242456.bam
Derei_073,SRR6242454,/group/peg/cicer/chickpea/genome/PBA_HatTrick/alignments/cret/Derei_073_SRR6242454.bam
Derei_073,SRR6242463,/group/peg/cicer/chickpea/genome/PBA_HatTrick/alignments/cret/Derei_073_SRR6242463.bam
Derei_074,SRR6242462,/group/peg/cicer/chickpea/genome/PBA_HatTrick/alignments/cret/Derei_074_SRR6242462.bam
Derei_074,SRR6242515,/group/peg/cicer/chickpea/genome/PBA_HatTrick/alignments/cret/Derei_074_SRR6242515.bam
Derei_075,SRR6242513,/group/peg/cicer/chickpea/genome/PBA_HatTrick/alignments/cret/Derei_075_SRR6242513.bam
Derei_075,SRR6242516,/group/peg/cicer/chickpea/genome/PBA_HatTrick/alignments/cret/Derei_075_SRR6242516.bam
Derei_078,SRR6242511,/group/peg/cicer/chickpea/genome/PBA_HatTrick/alignments/cret/Derei_078_SRR6242511.bam
Derei_078,SRR6242514,/group/peg/cicer/chickpea/genome/PBA_HatTrick/alignments/cret/Derei_078_SRR6242514.bam
Egill_063,SRR6242509,/group/peg/cicer/chickpea/genome/PBA_HatTrick/alignments/cret/Egill_063_SRR6242509.bam
Egill_063,SRR6242512,/group/peg/cicer/chickpea/genome/PBA_HatTrick/alignments/cret/Egill_063_SRR6242512.bam
Egill_064,SRR6242507,/group/peg/cicer/chickpea/genome/PBA_HatTrick/alignments/cret/Egill_064_SRR6242507.bam
Egill_064,SRR6242510,/group/peg/cicer/chickpea/genome/PBA_HatTrick/alignments/cret/Egill_064_SRR6242510.bam
Egill_065,SRR6242508,/group/peg/cicer/chickpea/genome/PBA_HatTrick/alignments/cret/Egill_065_SRR6242508.bam
Egill_066,SRR6242637,/group/peg/cicer/chickpea/genome/PBA_HatTrick/alignments/cret/Egill_066_SRR6242637.bam
Egill_066,SRR6242638,/group/peg/cicer/chickpea/genome/PBA_HatTrick/alignments/cret/Egill_066_SRR6242638.bam
Egill_067A,SRR6242639,/group/peg/cicer/chickpea/genome/PBA_HatTrick/alignments/cret/Egill_067A_SRR6242639.bam
Egill_067A,SRR6242640,/group/peg/cicer/chickpea/genome/PBA_HatTrick/alignments/cret/Egill_067A_SRR6242640.bam
Egill_069,SRR6242633,/group/peg/cicer/chickpea/genome/PBA_HatTrick/alignments/cret/Egill_069_SRR6242633.bam
Egill_072,SRR6242635,/group/peg/cicer/chickpea/genome/PBA_HatTrick/alignments/cret/Egill_072_SRR6242635.bam
Egill_073,SRR6242631,/group/peg/cicer/chickpea/genome/PBA_HatTrick/alignments/cret/Egill_073_SRR6242631.bam
Egill_073,SRR6242632,/group/peg/cicer/chickpea/genome/PBA_HatTrick/alignments/cret/Egill_073_SRR6242632.bam
Egill_074,SRR6242269,/group/peg/cicer/chickpea/genome/PBA_HatTrick/alignments/cret/Egill_074_SRR6242269.bam
Egill_074,SRR6242270,/group/peg/cicer/chickpea/genome/PBA_HatTrick/alignments/cret/Egill_074_SRR6242270.bam
Egill_075,SRR6242271,/group/peg/cicer/chickpea/genome/PBA_HatTrick/alignments/cret/Egill_075_SRR6242271.bam
Egill_075,SRR6242272,/group/peg/cicer/chickpea/genome/PBA_HatTrick/alignments/cret/Egill_075_SRR6242272.bam
Kalka_061,SRR6242265,/group/peg/cicer/chickpea/genome/PBA_HatTrick/alignments/cret/Kalka_061_SRR6242265.bam
Kalka_061,SRR6242266,/group/peg/cicer/chickpea/genome/PBA_HatTrick/alignments/cret/Kalka_061_SRR6242266.bam
Kalka_064,SRR6242267,/group/peg/cicer/chickpea/genome/PBA_HatTrick/alignments/cret/Kalka_064_SRR6242267.bam
Kalka_065,SRR6242273,/group/peg/cicer/chickpea/genome/PBA_HatTrick/alignments/cret/Kalka_065_SRR6242273.bam
Kalka_067,SRR6242381,/group/peg/cicer/chickpea/genome/PBA_HatTrick/alignments/cret/Kalka_067_SRR6242381.bam
Kalka_069,SRR6242379,/group/peg/cicer/chickpea/genome/PBA_HatTrick/alignments/cret/Kalka_069_SRR6242379.bam
Kalka_070,SRR6242385,/group/peg/cicer/chickpea/genome/PBA_HatTrick/alignments/cret/Kalka_070_SRR6242385.bam
Kalka_074,SRR6242383,/group/peg/cicer/chickpea/genome/PBA_HatTrick/alignments/cret/Kalka_074_SRR6242383.bam
Kalka_075,SRR6242382,/group/peg/cicer/chickpea/genome/PBA_HatTrick/alignments/cret/Kalka_075_SRR6242382.bam
Kalka_075,SRR6242387,/group/peg/cicer/chickpea/genome/PBA_HatTrick/alignments/cret/Kalka_075_SRR6242387.bam
Kayat_061,SRR6242386,/group/peg/cicer/chickpea/genome/PBA_HatTrick/alignments/cret/Kayat_061_SRR6242386.bam
Kayat_061,SRR6242479,/group/peg/cicer/chickpea/genome/PBA_HatTrick/alignments/cret/Kayat_061_SRR6242479.bam
Kayat_063,SRR6242477,/group/peg/cicer/chickpea/genome/PBA_HatTrick/alignments/cret/Kayat_063_SRR6242477.bam
Kayat_064,SRR6242483,/group/peg/cicer/chickpea/genome/PBA_HatTrick/alignments/cret/Kayat_064_SRR6242483.bam
Kayat_066,SRR6242481,/group/peg/cicer/chickpea/genome/PBA_HatTrick/alignments/cret/Kayat_066_SRR6242481.bam
Kayat_070,SRR6242475,/group/peg/cicer/chickpea/genome/PBA_HatTrick/alignments/cret/Kayat_070_SRR6242475.bam
Kayat_077,SRR6242476,/group/peg/cicer/chickpea/genome/PBA_HatTrick/alignments/cret/Kayat_077_SRR6242476.bam
Kayat_077,SRR6242598,/group/peg/cicer/chickpea/genome/PBA_HatTrick/alignments/cret/Kayat_077_SRR6242598.bam
Kayat_080,SRR6242600,/group/peg/cicer/chickpea/genome/PBA_HatTrick/alignments/cret/Kayat_080_SRR6242600.bam
Kesen_061,SRR6242602,/group/peg/cicer/chickpea/genome/PBA_HatTrick/alignments/cret/Kesen_061_SRR6242602.bam
Kesen_065,SRR6242604,/group/peg/cicer/chickpea/genome/PBA_HatTrick/alignments/cret/Kesen_065_SRR6242604.bam
Kesen_066,SRR6242596,/group/peg/cicer/chickpea/genome/PBA_HatTrick/alignments/cret/Kesen_066_SRR6242596.bam
Kesen_067,SRR6242588,/group/peg/cicer/chickpea/genome/PBA_HatTrick/alignments/cret/Kesen_067_SRR6242588.bam
Kesen_071,SRR6242590,/group/peg/cicer/chickpea/genome/PBA_HatTrick/alignments/cret/Kesen_071_SRR6242590.bam
Kesen_072,SRR6242592,/group/peg/cicer/chickpea/genome/PBA_HatTrick/alignments/cret/Kesen_072_SRR6242592.bam
Kesen_073,SRR6242594,/group/peg/cicer/chickpea/genome/PBA_HatTrick/alignments/cret/Kesen_073_SRR6242594.bam
Kesen_074,SRR6242586,/group/peg/cicer/chickpea/genome/PBA_HatTrick/alignments/cret/Kesen_074_SRR6242586.bam
Kesen_075,SRR6242585,/group/peg/cicer/chickpea/genome/PBA_HatTrick/alignments/cret/Kesen_075_SRR6242585.bam
Kesen_077,SRR6242469,/group/peg/cicer/chickpea/genome/PBA_HatTrick/alignments/cret/Kesen_077_SRR6242469.bam
Kesen_077,SRR6242470,/group/peg/cicer/chickpea/genome/PBA_HatTrick/alignments/cret/Kesen_077_SRR6242470.bam
Kesen_101,SRR6242467,/group/peg/cicer/chickpea/genome/PBA_HatTrick/alignments/cret/Kesen_101_SRR6242467.bam
Kesen_101,SRR6242468,/group/peg/cicer/chickpea/genome/PBA_HatTrick/alignments/cret/Kesen_101_SRR6242468.bam
Kesen_104,SRR6242473,/group/peg/cicer/chickpea/genome/PBA_HatTrick/alignments/cret/Kesen_104_SRR6242473.bam
Kesen_104,SRR6242474,/group/peg/cicer/chickpea/genome/PBA_HatTrick/alignments/cret/Kesen_104_SRR6242474.bam
Oyali_073,SRR6242471,/group/peg/cicer/chickpea/genome/PBA_HatTrick/alignments/cret/Oyali_073_SRR6242471.bam
Oyali_073,SRR6242472,/group/peg/cicer/chickpea/genome/PBA_HatTrick/alignments/cret/Oyali_073_SRR6242472.bam
Oyali_074,SRR6242466,/group/peg/cicer/chickpea/genome/PBA_HatTrick/alignments/cret/Oyali_074_SRR6242466.bam
Oyali_076,SRR6242333,/group/peg/cicer/chickpea/genome/PBA_HatTrick/alignments/cret/Oyali_076_SRR6242333.bam
Oyali_076,SRR6242334,/group/peg/cicer/chickpea/genome/PBA_HatTrick/alignments/cret/Oyali_076_SRR6242334.bam
Oyali_081,SRR6242331,/group/peg/cicer/chickpea/genome/PBA_HatTrick/alignments/cret/Oyali_081_SRR6242331.bam
Oyali_084,SRR6242330,/group/peg/cicer/chickpea/genome/PBA_HatTrick/alignments/cret/Oyali_084_SRR6242330.bam
Oyali_085,SRR6242328,/group/peg/cicer/chickpea/genome/PBA_HatTrick/alignments/cret/Oyali_085_SRR6242328.bam
Oyali_100,SRR6242326,/group/peg/cicer/chickpea/genome/PBA_HatTrick/alignments/cret/Oyali_100_SRR6242326.bam
Oyali_101,SRR6242651,/group/peg/cicer/chickpea/genome/PBA_HatTrick/alignments/cret/Oyali_101_SRR6242651.bam
Oyali_104,SRR6242653,/group/peg/cicer/chickpea/genome/PBA_HatTrick/alignments/cret/Oyali_104_SRR6242653.bam
Oyali_105,SRR6242655,/group/peg/cicer/chickpea/genome/PBA_HatTrick/alignments/cret/Oyali_105_SRR6242655.bam
Oyali_107,SRR6242657,/group/peg/cicer/chickpea/genome/PBA_HatTrick/alignments/cret/Oyali_107_SRR6242657.bam
Oyali_110,SRR6242659,/group/peg/cicer/chickpea/genome/PBA_HatTrick/alignments/cret/Oyali_110_SRR6242659.bam
Oyali_111,SRR6242542,/group/peg/cicer/chickpea/genome/PBA_HatTrick/alignments/cret/Oyali_111_SRR6242542.bam
Oyali_112,SRR6242544,/group/peg/cicer/chickpea/genome/PBA_HatTrick/alignments/cret/Oyali_112_SRR6242544.bam
Sarik_061,SRR6242538,/group/peg/cicer/chickpea/genome/PBA_HatTrick/alignments/cret/Sarik_061_SRR6242538.bam
Sarik_064,SRR6242537,/group/peg/cicer/chickpea/genome/PBA_HatTrick/alignments/cret/Sarik_064_SRR6242537.bam
Sarik_064,SRR6242540,/group/peg/cicer/chickpea/genome/PBA_HatTrick/alignments/cret/Sarik_064_SRR6242540.bam
Sarik_065,SRR6242539,/group/peg/cicer/chickpea/genome/PBA_HatTrick/alignments/cret/Sarik_065_SRR6242539.bam
Sarik_065,SRR6242546,/group/peg/cicer/chickpea/genome/PBA_HatTrick/alignments/cret/Sarik_065_SRR6242546.bam
Sarik_066,SRR6242414,/group/peg/cicer/chickpea/genome/PBA_HatTrick/alignments/cret/Sarik_066_SRR6242414.bam
Sarik_066,SRR6242545,/group/peg/cicer/chickpea/genome/PBA_HatTrick/alignments/cret/Sarik_066_SRR6242545.bam
Sarik_067,SRR6242412,/group/peg/cicer/chickpea/genome/PBA_HatTrick/alignments/cret/Sarik_067_SRR6242412.bam
Sarik_067,SRR6242415,/group/peg/cicer/chickpea/genome/PBA_HatTrick/alignments/cret/Sarik_067_SRR6242415.bam
Sarik_073,SRR6242410,/group/peg/cicer/chickpea/genome/PBA_HatTrick/alignments/cret/Sarik_073_SRR6242410.bam
Sarik_074,SRR6242408,/group/peg/cicer/chickpea/genome/PBA_HatTrick/alignments/cret/Sarik_074_SRR6242408.bam
Sarik_074,SRR6242411,/group/peg/cicer/chickpea/genome/PBA_HatTrick/alignments/cret/Sarik_074_SRR6242411.bam
Sarik_077,SRR6242416,/group/peg/cicer/chickpea/genome/PBA_HatTrick/alignments/cret/Sarik_077_SRR6242416.bam
Sarik_078,SRR6242297,/group/peg/cicer/chickpea/genome/PBA_HatTrick/alignments/cret/Sarik_078_SRR6242297.bam
Sarik_078,SRR6242417,/group/peg/cicer/chickpea/genome/PBA_HatTrick/alignments/cret/Sarik_078_SRR6242417.bam
Sarik_080,SRR6242295,/group/peg/cicer/chickpea/genome/PBA_HatTrick/alignments/cret/Sarik_080_SRR6242295.bam
Savur_063,SRR6242301,/group/peg/cicer/chickpea/genome/PBA_HatTrick/alignments/cret/Savur_063_SRR6242301.bam
Savur_063,SRR6242323,/group/peg/cicer/chickpea/genome/PBA_HatTrick/alignments/cret/Savur_063_SRR6242323.bam
Savur_071,SRR6242299,/group/peg/cicer/chickpea/genome/PBA_HatTrick/alignments/cret/Savur_071_SRR6242299.bam
Savur_071,SRR6242300,/group/peg/cicer/chickpea/genome/PBA_HatTrick/alignments/cret/Savur_071_SRR6242300.bam
Sirna_060,SRR6242298,/group/peg/cicer/chickpea/genome/PBA_HatTrick/alignments/cret/Sirna_060_SRR6242298.bam
Sirna_061,SRR6242288,/group/peg/cicer/chickpea/genome/PBA_HatTrick/alignments/cret/Sirna_061_SRR6242288.bam
Sirna_061,SRR6242289,/group/peg/cicer/chickpea/genome/PBA_HatTrick/alignments/cret/Sirna_061_SRR6242289.bam
Sirna_062,SRR6242628,/group/peg/cicer/chickpea/genome/PBA_HatTrick/alignments/cret/Sirna_062_SRR6242628.bam
Sirna_063,SRR6242629,/group/peg/cicer/chickpea/genome/PBA_HatTrick/alignments/cret/Sirna_063_SRR6242629.bam
Sirna_063,SRR6242630,/group/peg/cicer/chickpea/genome/PBA_HatTrick/alignments/cret/Sirna_063_SRR6242630.bam
Sirna_064,SRR6242623,/group/peg/cicer/chickpea/genome/PBA_HatTrick/alignments/cret/Sirna_064_SRR6242623.bam
Sirna_064,SRR6242624,/group/peg/cicer/chickpea/genome/PBA_HatTrick/alignments/cret/Sirna_064_SRR6242624.bam
Sirna_067,SRR6242626,/group/peg/cicer/chickpea/genome/PBA_HatTrick/alignments/cret/Sirna_067_SRR6242626.bam
Sirna_069,SRR6242335,/group/peg/cicer/chickpea/genome/PBA_HatTrick/alignments/cret/Sirna_069_SRR6242335.bam
Sirna_070,SRR6242275,/group/peg/cicer/chickpea/genome/PBA_HatTrick/alignments/cret/Sirna_070_SRR6242275.bam
Sirna_071,SRR6242277,/group/peg/cicer/chickpea/genome/PBA_HatTrick/alignments/cret/Sirna_071_SRR6242277.bam
Sirna_071,SRR6242278,/group/peg/cicer/chickpea/genome/PBA_HatTrick/alignments/cret/Sirna_071_SRR6242278.bam
Sirna_081,SRR6242279,/group/peg/cicer/chickpea/genome/PBA_HatTrick/alignments/cret/Sirna_081_SRR6242279.bam
Sirna_082,SRR6242281,/group/peg/cicer/chickpea/genome/PBA_HatTrick/alignments/cret/Sirna_082_SRR6242281.bam
Sirna_083,SRR6242283,/group/peg/cicer/chickpea/genome/PBA_HatTrick/alignments/cret/Sirna_083_SRR6242283.bam
Sirna_084,SRR6242608,/group/peg/cicer/chickpea/genome/PBA_HatTrick/alignments/cret/Sirna_084_SRR6242608.bam
Sirna_085,SRR6242606,/group/peg/cicer/chickpea/genome/PBA_HatTrick/alignments/cret/Sirna_085_SRR6242606.bam
Sirna_087,SRR6242433,/group/peg/cicer/chickpea/genome/PBA_HatTrick/alignments/cret/Sirna_087_SRR6242433.bam
Sirna_088,SRR6242609,/group/peg/cicer/chickpea/genome/PBA_HatTrick/alignments/cret/Sirna_088_SRR6242609.bam
Sirna_088,SRR6242610,/group/peg/cicer/chickpea/genome/PBA_HatTrick/alignments/cret/Sirna_088_SRR6242610.bam
Sirna_089,SRR6242613,/group/peg/cicer/chickpea/genome/PBA_HatTrick/alignments/cret/Sirna_089_SRR6242613.bam
Sirna_089,SRR6242614,/group/peg/cicer/chickpea/genome/PBA_HatTrick/alignments/cret/Sirna_089_SRR6242614.bam
Sirna_090,SRR6242286,/group/peg/cicer/chickpea/genome/PBA_HatTrick/alignments/cret/Sirna_090_SRR6242286.bam
Sirna_101,SRR6242287,/group/peg/cicer/chickpea/genome/PBA_HatTrick/alignments/cret/Sirna_101_SRR6242287.bam
Sirna_101,SRR6242311,/group/peg/cicer/chickpea/genome/PBA_HatTrick/alignments/cret/Sirna_101_SRR6242311.bam
Sirna_103,SRR6242290,/group/peg/cicer/chickpea/genome/PBA_HatTrick/alignments/cret/Sirna_103_SRR6242290.bam
Sirna_103,SRR6242312,/group/peg/cicer/chickpea/genome/PBA_HatTrick/alignments/cret/Sirna_103_SRR6242312.bam
Sirna_104,SRR6242292,/group/peg/cicer/chickpea/genome/PBA_HatTrick/alignments/cret/Sirna_104_SRR6242292.bam
Sirna_105,SRR6242294,/group/peg/cicer/chickpea/genome/PBA_HatTrick/alignments/cret/Sirna_105_SRR6242294.bam
Sirna_110,SRR6242324,/group/peg/cicer/chickpea/genome/PBA_HatTrick/alignments/cret/Sirna_110_SRR6242324.bam
Sirna_110,SRR6242407,/group/peg/cicer/chickpea/genome/PBA_HatTrick/alignments/cret/Sirna_110_SRR6242407.bam
Sirna_111,SRR6242405,/group/peg/cicer/chickpea/genome/PBA_HatTrick/alignments/cret/Sirna_111_SRR6242405.bam
Sirna_111,SRR6242406,/group/peg/cicer/chickpea/genome/PBA_HatTrick/alignments/cret/Sirna_111_SRR6242406.bam
