run	sample	population	biosample	bases	bytes	url_1	md5_1	bytes_1	url_2	md5_2	bytes_2
SRR6242246	CudiB_009	CudiB	SAMN07948335	1226146100	618429127	https://ftp.sra.ebi.ac.uk/vol1/fastq/SRR624/006/SRR6242246/SRR6242246_1.fastq.gz	7987a08ea21983c29cfe2dd18f0a63af	397306067	https://ftp.sra.ebi.ac.uk/vol1/fastq/SRR624/006/SRR6242246/SRR6242246_2.fastq.gz	d4035f0e2d872fcc3bf1e3b2cf465a14	416857369
SRR6242247	CudiB_016	CudiB	SAMN07948340	1561389900	667607548	https://ftp.sra.ebi.ac.uk/vol1/fastq/SRR624/007/SRR6242247/SRR6242247_1.fastq.gz	59e827aef23a304b1f2551712cc51bef	426580107	https://ftp.sra.ebi.ac.uk/vol1/fastq/SRR624/007/SRR6242247/SRR6242247_2.fastq.gz	37381efe859883b49e6e260c22894171	461482796
SRR6242248	CudiB_011	CudiB	SAMN07948336	2860034058	1284348848	https://ftp.sra.ebi.ac.uk/vol1/fastq/SRR624/008/SRR6242248/SRR6242248_1.fastq.gz	00299927606955c41d5f11456c6aed5e	814305541	https://ftp.sra.ebi.ac.uk/vol1/fastq/SRR624/008/SRR6242248/SRR6242248_2.fastq.gz	6ba233fd5653c08db51100348ea43b07	889700543
SRR6242249	CudiB_017	CudiB	SAMN07948341	580776028	245742473	https://ftp.sra.ebi.ac.uk/vol1/fastq/SRR624/009/SRR6242249/SRR6242249_1.fastq.gz	93caa3e8c4e82026a01989c68886a7d7	157643367	https://ftp.sra.ebi.ac.uk/vol1/fastq/SRR624/009/SRR6242249/SRR6242249_2.fastq.gz	0fe76c026e6aae245a63f5a2f2611142	171000206
SRR6242250	CudiB_016	CudiB	SAMN07948340	7975951384	3113326614	https://ftp.sra.ebi.ac.uk/vol1/fastq/SRR624/000/SRR6242250/SRR6242250_1.fastq.gz	a1ae792190c8c52feccbc7bd6f1497f6	2000942497	https://ftp.sra.ebi.ac.uk/vol1/fastq/SRR624/000/SRR6242250/SRR6242250_2.fastq.gz	a5c8528a72197e29e251fb5a403bb210	2202731953
SRR6242251	CudiB_018	CudiB	SAMN07948342	704838330	305075198	https://ftp.sra.ebi.ac.uk/vol1/fastq/SRR624/001/SRR6242251/SRR6242251_1.fastq.gz	8461c4a5cabcfcb9f835de7e9d79d987	196376899	https://ftp.sra.ebi.ac.uk/vol1/fastq/SRR624/001/SRR6242251/SRR6242251_2.fastq.gz	80254741cb338824a578a26f9f262cb6	214224211
SRR6242252	CudiB_017	CudiB	SAMN07948341	5381583650	1964764691	https://ftp.sra.ebi.ac.uk/vol1/fastq/SRR624/002/SRR6242252/SRR6242252_1.fastq.gz	8690da356f44bfc58f435fc3576e9c6d	1281369005	https://ftp.sra.ebi.ac.uk/vol1/fastq/SRR624/002/SRR6242252/SRR6242252_2.fastq.gz	e8a96605ee7e025d8bb3e8bcd05c768f	1374797657
SRR6242253	CudiB_019	CudiB	SAMN07948343	903783260	398941039	https://ftp.sra.ebi.ac.uk/vol1/fastq/SRR624/003/SRR6242253/SRR6242253_1.fastq.gz	21a7927a3ae2409cd9ea3dfa67ed5161	255469408	https://ftp.sra.ebi.ac.uk/vol1/fastq/SRR624/003/SRR6242253/SRR6242253_2.fastq.gz	dc55561926b5971c9c83c0faf989b31a	276089572
SRR6242254	CudiB_018	CudiB	SAMN07948342	7917670368	3218250861	https://ftp.sra.ebi.ac.uk/vol1/fastq/SRR624/004/SRR6242254/SRR6242254_1.fastq.gz	65c3554e8d04724e7e8a8345291d469d	2077726042	https://ftp.sra.ebi.ac.uk/vol1/fastq/SRR624/004/SRR6242254/SRR6242254_2.fastq.gz	4ad43072fae1141f10ec019cc30403c5	2317651147
SRR6242256	CudiA_155	CudiA	SAMN07948327	1944085760	729150532	https://ftp.sra.ebi.ac.uk/vol1/fastq/SRR624/006/SRR6242256/SRR6242256_1.fastq.gz	01b3450d4a01f578ad646c81b42a201c	457392793	https://ftp.sra.ebi.ac.uk/vol1/fastq/SRR624/006/SRR6242256/SRR6242256_2.fastq.gz	97925d420637ed235ee08a30fab3908e	505013843
SRR6242258	CudiA_152	CudiA	SAMN07948324	24729462250	9424871026	https://ftp.sra.ebi.ac.uk/vol1/fastq/SRR624/008/SRR6242258/SRR6242258_1.fastq.gz	dcd9cc168d5324374b6d80397b6ebefc	6121717530	https://ftp.sra.ebi.ac.uk/vol1/fastq/SRR624/008/SRR6242258/SRR6242258_2.fastq.gz	648c233c40b4ab5e1b09b4562ffb32f6	6017638433
SRR6242259	CudiA_152	CudiA	SAMN07948324	1538908000	517645750	https://ftp.sra.ebi.ac.uk/vol1/fastq/SRR624/009/SRR6242259/SRR6242259_1.fastq.gz	9dbacaa32310bc360a4fd90e7b38f53b	302448840	https://ftp.sra.ebi.ac.uk/vol1/fastq/SRR624/009/SRR6242259/SRR6242259_2.fastq.gz	ac6c34d9f2374776b9b6aa46a673e425	281191900
SRR6242260	CudiA_151	CudiA	SAMN07948323	5534385120	2073007519	https://ftp.sra.ebi.ac.uk/vol1/fastq/SRR624/000/SRR6242260/SRR6242260_1.fastq.gz	c11d2bbdafa3b256b7abda9811f8dc53	1333532915	https://ftp.sra.ebi.ac.uk/vol1/fastq/SRR624/000/SRR6242260/SRR6242260_2.fastq.gz	ef046d34b2f1698d40772014aa22a8d5	1450590458
SRR6242261	CudiA_155	CudiA	SAMN07948327	1415532488	604903541	https://ftp.sra.ebi.ac.uk/vol1/fastq/SRR624/001/SRR6242261/SRR6242261_1.fastq.gz	7ed7ee1c98b2b49e1567779be507985c	384219316	https://ftp.sra.ebi.ac.uk/vol1/fastq/SRR624/001/SRR6242261/SRR6242261_2.fastq.gz	365333a8be4ad85f900544eb84870736	418691241
SRR6242262	CudiA_154	CudiA	SAMN07948326	502805268	247549395	https://ftp.sra.ebi.ac.uk/vol1/fastq/SRR624/002/SRR6242262/SRR6242262_1.fastq.gz	b5d518ab45854fc23a828f0d5cad5003	156314920	https://ftp.sra.ebi.ac.uk/vol1/fastq/SRR624/002/SRR6242262/SRR6242262_2.fastq.gz	c08ca61c1aa812f1d0003599da01275a	164576271
SRR6242264	CudiA_153	CudiA	SAMN07948325	2962501380	1457478595	https://ftp.sra.ebi.ac.uk/vol1/fastq/SRR624/004/SRR6242264/SRR6242264_1.fastq.gz	5310d0e87110cf445470e1f50113c363	931373948	https://ftp.sra.ebi.ac.uk/vol1/fastq/SRR624/004/SRR6242264/SRR6242264_2.fastq.gz	0f8c49870bc8213bb76c2092a20b3fc2	984329203
SRR6242265	Kalka_061	Kalka	SAMN07948430	817656064	353221237	https://ftp.sra.ebi.ac.uk/vol1/fastq/SRR624/005/SRR6242265/SRR6242265_1.fastq.gz	dea063b551d3065b961be03064d4341a	223537744	https://ftp.sra.ebi.ac.uk/vol1/fastq/SRR624/005/SRR6242265/SRR6242265_2.fastq.gz	37e3856c0382297917244f1779efd39f	242929583
SRR6242266	Kalka_061	Kalka	SAMN07948430	3156086240	1256307192	https://ftp.sra.ebi.ac.uk/vol1/fastq/SRR624/006/SRR6242266/SRR6242266_1.fastq.gz	63e74d3dcbb16d208228dcdaecac0101	781586440	https://ftp.sra.ebi.ac.uk/vol1/fastq/SRR624/006/SRR6242266/SRR6242266_2.fastq.gz	f384f5f371ed2a8eb7026875d9fb2273	877517723
SRR6242267	Kalka_064	Kalka	SAMN07948433	20433545750	6609195848	https://ftp.sra.ebi.ac.uk/vol1/fastq/SRR624/007/SRR6242267/SRR6242267_1.fastq.gz	d21955df5c8d4370c16e442ea0f340b4	4014626849	https://ftp.sra.ebi.ac.uk/vol1/fastq/SRR624/007/SRR6242267/SRR6242267_2.fastq.gz	7d33f00be4bb92abadf6ad21f4c16b2c	3587668026
SRR6242269	Egill_074	Egill	SAMN07948387	1857326478	793389042	https://ftp.sra.ebi.ac.uk/vol1/fastq/SRR624/009/SRR6242269/SRR6242269_1.fastq.gz	1f7e1f3f93de26453e8e832ef8cb3c94	506927393	https://ftp.sra.ebi.ac.uk/vol1/fastq/SRR624/009/SRR6242269/SRR6242269_2.fastq.gz	c4a3c8512ed4849c18b18d49f0ecfadf	549025146
SRR6242270	Egill_074	Egill	SAMN07948387	5657366442	2518896797	https://ftp.sra.ebi.ac.uk/vol1/fastq/SRR624/000/SRR6242270/SRR6242270_1.fastq.gz	a21cd82d2aa8a63d3987715564cb8b82	1616044719	https://ftp.sra.ebi.ac.uk/vol1/fastq/SRR624/000/SRR6242270/SRR6242270_2.fastq.gz	72fbd8646c9a9a927f76b192b6cac719	1738022398
SRR6242271	Egill_075	Egill	SAMN07948388	799294520	341846896	https://ftp.sra.ebi.ac.uk/vol1/fastq/SRR624/001/SRR6242271/SRR6242271_1.fastq.gz	d7e80d4802a87459824123b22e1b3ef8	218464883	https://ftp.sra.ebi.ac.uk/vol1/fastq/SRR624/001/SRR6242271/SRR6242271_2.fastq.gz	20e1e5a9bef7ee0530c8c1edd547fd33	236551003
SRR6242272	Egill_075	Egill	SAMN07948388	6874844400	2608762561	https://ftp.sra.ebi.ac.uk/vol1/fastq/SRR624/002/SRR6242272/SRR6242272_1.fastq.gz	8f11a775bb7e307f8bea3f03bc9cb56b	1653264004	https://ftp.sra.ebi.ac.uk/vol1/fastq/SRR624/002/SRR6242272/SRR6242272_2.fastq.gz	8c1cb3b5c524fdb0f97de86cbab4b012	1858962491
SRR6242273	Kalka_065	Kalka	SAMN07948434	3895202766	1733693789	https://ftp.sra.ebi.ac.uk/vol1/fastq/SRR624/003/SRR6242273/SRR6242273_1.fastq.gz	5d19acb5173332f44691bf16b70ef3d3	1102919325	https://ftp.sra.ebi.ac.uk/vol1/fastq/SRR624/003/SRR6242273/SRR6242273_2.fastq.gz	a9919435668382ca02e4008046581a2d	1189904571
SRR6242275	Sirna_070	Sirna	SAMN07948714	7437138450	2747234248	https://ftp.sra.ebi.ac.uk/vol1/fastq/SRR624/005/SRR6242275/SRR6242275_1.fastq.gz	af2a8ec71fafe45957c2ee71598fcc28	1822438024	https://ftp.sra.ebi.ac.uk/vol1/fastq/SRR624/005/SRR6242275/SRR6242275_2.fastq.gz	59fbfdc9f7fb39349ef038063f26dc4d	1899030877
SRR6242277	Sirna_071	Sirna	SAMN07948715	852476460	427974725	https://ftp.sra.ebi.ac.uk/vol1/fastq/SRR624/007/SRR6242277/SRR6242277_1.fastq.gz	86b8b6691292ad18182212cd5ba5d875	273746659	https://ftp.sra.ebi.ac.uk/vol1/fastq/SRR624/007/SRR6242277/SRR6242277_2.fastq.gz	afa8dbcc183f8a6499ab38b15660f868	284975626
SRR6242278	Sirna_071	Sirna	SAMN07948715	455027110	205021111	https://ftp.sra.ebi.ac.uk/vol1/fastq/SRR624/008/SRR6242278/SRR6242278_1.fastq.gz	49f42f25d65c158a754aa8915df7cc62	129563779	https://ftp.sra.ebi.ac.uk/vol1/fastq/SRR624/008/SRR6242278/SRR6242278_2.fastq.gz	0b5eef8a43184fe7be49e546cf194881	140510567
SRR6242279	Sirna_081	Sirna	SAMN07948719	9450596270	3497127474	https://ftp.sra.ebi.ac.uk/vol1/fastq/SRR624/009/SRR6242279/SRR6242279_1.fastq.gz	8d25e571e9bf016212e8826bc41e1bb0	2289226230	https://ftp.sra.ebi.ac.uk/vol1/fastq/SRR624/009/SRR6242279/SRR6242279_2.fastq.gz	250104edff5a1d62716f3b8ef6fe3eb3	2431081351
SRR6242281	Sirna_082	Sirna	SAMN07948721	5554155690	2128474389	https://ftp.sra.ebi.ac.uk/vol1/fastq/SRR624/001/SRR6242281/SRR6242281_1.fastq.gz	e3d615a8105f967739a245b039027186	1375750342	https://ftp.sra.ebi.ac.uk/vol1/fastq/SRR624/001/SRR6242281/SRR6242281_2.fastq.gz	3053c7aee22f983e90a5bd38c5053cf7	1492291819
SRR6242283	Sirna_083	Sirna	SAMN07948722	5757829650	2139575480	https://ftp.sra.ebi.ac.uk/vol1/fastq/SRR624/003/SRR6242283/SRR6242283_1.fastq.gz	9d1de923e9ea21c8b925d4e400da5b1e	1366147478	https://ftp.sra.ebi.ac.uk/vol1/fastq/SRR624/003/SRR6242283/SRR6242283_2.fastq.gz	8265f54985a38ce8542fe10e850cdb12	1513509526
SRR6242286	Sirna_090	Sirna	SAMN07948730	830607140	350009370	https://ftp.sra.ebi.ac.uk/vol1/fastq/SRR624/006/SRR6242286/SRR6242286_1.fastq.gz	8b159343c632710842522ab9617fdc84	224344505	https://ftp.sra.ebi.ac.uk/vol1/fastq/SRR624/006/SRR6242286/SRR6242286_2.fastq.gz	1fe1af9dd509711f77922bd175484a44	243987394
SRR6242287	Sirna_101	Sirna	SAMN07948731	1319064448	559378869	https://ftp.sra.ebi.ac.uk/vol1/fastq/SRR624/007/SRR6242287/SRR6242287_1.fastq.gz	ddb02843d8fa8c7e0e3c84e815eeec33	360622353	https://ftp.sra.ebi.ac.uk/vol1/fastq/SRR624/007/SRR6242287/SRR6242287_2.fastq.gz	2232e54e074cd9df7938c5d4088d9973	391137222
SRR6242288	Sirna_061	Sirna	SAMN07948705	6067891008	2359335092	https://ftp.sra.ebi.ac.uk/vol1/fastq/SRR624/008/SRR6242288/SRR6242288_1.fastq.gz	015673e05cc5a2b3fad4afd92e9d5425	1582867105	https://ftp.sra.ebi.ac.uk/vol1/fastq/SRR624/008/SRR6242288/SRR6242288_2.fastq.gz	9b2f2a7f7b7bc8313cf126f07d52ca61	1608220380
SRR6242289	Sirna_061	Sirna	SAMN07948705	554737810	247882687	https://ftp.sra.ebi.ac.uk/vol1/fastq/SRR624/009/SRR6242289/SRR6242289_1.fastq.gz	75fe06b67345940c4f450933e3ee5595	157951065	https://ftp.sra.ebi.ac.uk/vol1/fastq/SRR624/009/SRR6242289/SRR6242289_2.fastq.gz	5ca812df93add21119076ee6a4a721ce	172498544
SRR6242290	Sirna_103	Sirna	SAMN07948732	2609414490	986787167	https://ftp.sra.ebi.ac.uk/vol1/fastq/SRR624/000/SRR6242290/SRR6242290_1.fastq.gz	77ea0d28ab8dd0006f9e59458363d936	634812650	https://ftp.sra.ebi.ac.uk/vol1/fastq/SRR624/000/SRR6242290/SRR6242290_2.fastq.gz	d51659a597ab897f81016bf891ac7c29	680581845
SRR6242292	Sirna_104	Sirna	SAMN07948733	3736197792	1478787205	https://ftp.sra.ebi.ac.uk/vol1/fastq/SRR624/002/SRR6242292/SRR6242292_1.fastq.gz	8c93826a75c8635d75d4083a363bf9de	903482231	https://ftp.sra.ebi.ac.uk/vol1/fastq/SRR624/002/SRR6242292/SRR6242292_2.fastq.gz	693536e4b96e95d46191bcd14e5004ac	1060612315
SRR6242294	Sirna_105	Sirna	SAMN07948734	8990813740	3299577601	https://ftp.sra.ebi.ac.uk/vol1/fastq/SRR624/004/SRR6242294/SRR6242294_1.fastq.gz	e6cf507b3c4b6bc5c57e10c5761b32c5	2177475112	https://ftp.sra.ebi.ac.uk/vol1/fastq/SRR624/004/SRR6242294/SRR6242294_2.fastq.gz	e0b872a0414be365dd3403064d4d6103	2310904885
SRR6242295	Sarik_080	Sarik	SAMN07948649	4404216728	1666374848	https://ftp.sra.ebi.ac.uk/vol1/fastq/SRR624/005/SRR6242295/SRR6242295_1.fastq.gz	51f66f36df303a8d8e3e6470029e3513	1084588013	https://ftp.sra.ebi.ac.uk/vol1/fastq/SRR624/005/SRR6242295/SRR6242295_2.fastq.gz	04fb2f8e5c973c3a17c1ad9a55aeba74	1163531079
SRR6242297	Sarik_078	Sarik	SAMN07948648	7938363456	3269219687	https://ftp.sra.ebi.ac.uk/vol1/fastq/SRR624/007/SRR6242297/SRR6242297_1.fastq.gz	8dfe2e0fb6ab6cda14440b793e633be6	2204873108	https://ftp.sra.ebi.ac.uk/vol1/fastq/SRR624/007/SRR6242297/SRR6242297_2.fastq.gz	b205959eecff61f0d6a2201602d9f54d	2230562326
SRR6242298	Sirna_060	Sirna	SAMN07948704	22221065250	7550026585	https://ftp.sra.ebi.ac.uk/vol1/fastq/SRR624/008/SRR6242298/SRR6242298_1.fastq.gz	a7069ae8659f6024031dc6612343f9a4	4603354927	https://ftp.sra.ebi.ac.uk/vol1/fastq/SRR624/008/SRR6242298/SRR6242298_2.fastq.gz	031962627ea3455562eb64f211cd907b	4297499446
SRR6242299	Savur_071	Savur	SAMN07948663	23526190080	9286620022	https://ftp.sra.ebi.ac.uk/vol1/fastq/SRR624/009/SRR6242299/SRR6242299_1.fastq.gz	9c2c4848f7247bf8e176b1bbbea57d0e	5779727946	https://ftp.sra.ebi.ac.uk/vol1/fastq/SRR624/009/SRR6242299/SRR6242299_2.fastq.gz	256e699d09fc6f2cbec1e6510ffd42e4	6714903595
SRR6242300	Savur_071	Savur	SAMN07948663	1591669930	680577853	https://ftp.sra.ebi.ac.uk/vol1/fastq/SRR624/000/SRR6242300/SRR6242300_1.fastq.gz	123d1f5e3b12793a92f3412543950746	435714792	https://ftp.sra.ebi.ac.uk/vol1/fastq/SRR624/000/SRR6242300/SRR6242300_2.fastq.gz	98a91b8118c6dd2d3ec810a39d1a3c8d	473680495
SRR6242301	Savur_063	Savur	SAMN07948662	7764192000	2464545175	https://ftp.sra.ebi.ac.uk/vol1/fastq/SRR624/001/SRR6242301/SRR6242301_1.fastq.gz	5954f40e227fa22aafb1ce39c6fa3407	1471054309	https://ftp.sra.ebi.ac.uk/vol1/fastq/SRR624/001/SRR6242301/SRR6242301_2.fastq.gz	2b25c997c19026db8c53f2f6b9fdc087	1467751740
SRR6242311	Sirna_101	Sirna	SAMN07948731	7606181480	2923574952	https://ftp.sra.ebi.ac.uk/vol1/fastq/SRR624/001/SRR6242311/SRR6242311_1.fastq.gz	9e4b8d8f38b6338e35bbc956594d8602	1903397049	https://ftp.sra.ebi.ac.uk/vol1/fastq/SRR624/001/SRR6242311/SRR6242311_2.fastq.gz	03fdcfa0ee65de2aa5354ea5be73dfad	2080580783
SRR6242312	Sirna_103	Sirna	SAMN07948732	2206473764	951222408	https://ftp.sra.ebi.ac.uk/vol1/fastq/SRR624/002/SRR6242312/SRR6242312_1.fastq.gz	80fa483121b62bca33762112d08e14fd	604868536	https://ftp.sra.ebi.ac.uk/vol1/fastq/SRR624/002/SRR6242312/SRR6242312_2.fastq.gz	26288cdbe9d89e033238d5206987a97b	657088042
SRR6242314	Derei_065	Derei	SAMN07948364	5927481680	2229744475	https://ftp.sra.ebi.ac.uk/vol1/fastq/SRR624/004/SRR6242314/SRR6242314_1.fastq.gz	c1fc23aaf801c80070d672ccd0b26906	1368014727	https://ftp.sra.ebi.ac.uk/vol1/fastq/SRR624/004/SRR6242314/SRR6242314_2.fastq.gz	7aea2e3bd5467806b3e56d40a9133408	1526441837
SRR6242315	CudiB_019	CudiB	SAMN07948343	6219088704	2499508062	https://ftp.sra.ebi.ac.uk/vol1/fastq/SRR624/005/SRR6242315/SRR6242315_1.fastq.gz	c7615d81dfff6c9f27772a539f63e4a8	1663564715	https://ftp.sra.ebi.ac.uk/vol1/fastq/SRR624/005/SRR6242315/SRR6242315_2.fastq.gz	098e3059cae52f5b42df6d1a79d7f8ac	1718329868
SRR6242316	CudiB_022C	CudiB	SAMN07948347	28477735500	10851570280	https://ftp.sra.ebi.ac.uk/vol1/fastq/SRR624/006/SRR6242316/SRR6242316_1.fastq.gz	5a9938b1a02f16de870008b39df63682	7003267307	https://ftp.sra.ebi.ac.uk/vol1/fastq/SRR624/006/SRR6242316/SRR6242316_2.fastq.gz	85d2868777762ff940f4cbffeb6e76d7	6802656157
SRR6242318	CudiB_023	CudiB	SAMN07948348	4439539584	1686047413	https://ftp.sra.ebi.ac.uk/vol1/fastq/SRR624/008/SRR6242318/SRR6242318_1.fastq.gz	833fb4f2864452d87eea688b19f0f6c2	1084510461	https://ftp.sra.ebi.ac.uk/vol1/fastq/SRR624/008/SRR6242318/SRR6242318_2.fastq.gz	3329a0e0847d43c9ea8cca20a6029abc	1186425165
SRR6242320	Derei_062	Derei	SAMN07948361	3749486076	1671483725	https://ftp.sra.ebi.ac.uk/vol1/fastq/SRR624/000/SRR6242320/SRR6242320_1.fastq.gz	657ac4e8d42d54738271d9492ece7aae	1070606572	https://ftp.sra.ebi.ac.uk/vol1/fastq/SRR624/000/SRR6242320/SRR6242320_2.fastq.gz	a3c01e9abe701cb45b51cd6f2cd7c3f5	1151044632
SRR6242321	Derei_063	Derei	SAMN07948362	1159488960	488946021	https://ftp.sra.ebi.ac.uk/vol1/fastq/SRR624/001/SRR6242321/SRR6242321_1.fastq.gz	6629b7abeb0c4e7f079d93e751220487	314143283	https://ftp.sra.ebi.ac.uk/vol1/fastq/SRR624/001/SRR6242321/SRR6242321_2.fastq.gz	c0e0bbcf651d0c1213e84709a6578355	341536043
SRR6242322	Derei_063	Derei	SAMN07948362	9520417640	3617257157	https://ftp.sra.ebi.ac.uk/vol1/fastq/SRR624/002/SRR6242322/SRR6242322_1.fastq.gz	d92ef7212b614afa8094d12ab33f1cce	2362095224	https://ftp.sra.ebi.ac.uk/vol1/fastq/SRR624/002/SRR6242322/SRR6242322_2.fastq.gz	1efddac5e40f52f0076a7f234a4a19b7	2585756399
SRR6242323	Savur_063	Savur	SAMN07948662	17142702500	5585933653	https://ftp.sra.ebi.ac.uk/vol1/fastq/SRR624/003/SRR6242323/SRR6242323_1.fastq.gz	326a4a2cfe3971328c7e290abcdc0c3a	3492064034	https://ftp.sra.ebi.ac.uk/vol1/fastq/SRR624/003/SRR6242323/SRR6242323_2.fastq.gz	ccfa874e040d94e32efeffdf8019b686	3177739928
SRR6242324	Sirna_110	Sirna	SAMN07948735	956678646	407384543	https://ftp.sra.ebi.ac.uk/vol1/fastq/SRR624/004/SRR6242324/SRR6242324_1.fastq.gz	8b5ced7fc2061e8769e87acf85a3cd4a	260649650	https://ftp.sra.ebi.ac.uk/vol1/fastq/SRR624/004/SRR6242324/SRR6242324_2.fastq.gz	2a8a5ffb262b3c542f1fd1f0aad7c4bc	285030732
SRR6242326	Oyali_100	Oyali	SAMN07948596	5129146368	1988034546	https://ftp.sra.ebi.ac.uk/vol1/fastq/SRR624/006/SRR6242326/SRR6242326_1.fastq.gz	2d96472ec195baba18fdb80d8b33de92	1258132806	https://ftp.sra.ebi.ac.uk/vol1/fastq/SRR624/006/SRR6242326/SRR6242326_2.fastq.gz	ee0fd9a6542aec0f5f7870ff0d338412	1285447223
SRR6242328	Oyali_085	Oyali	SAMN07948595	3535940058	1563641799	https://ftp.sra.ebi.ac.uk/vol1/fastq/SRR624/008/SRR6242328/SRR6242328_1.fastq.gz	19c923cc4148ed7b4b1bfd9e522f2c56	1003268980	https://ftp.sra.ebi.ac.uk/vol1/fastq/SRR624/008/SRR6242328/SRR6242328_2.fastq.gz	62ec71a68a2e57de9ef70f4e244a6608	1080228117
SRR6242330	Oyali_084	Oyali	SAMN07948594	24801314250	7960368318	https://ftp.sra.ebi.ac.uk/vol1/fastq/SRR624/000/SRR6242330/SRR6242330_1.fastq.gz	e4aeee8180e56f31de67aa3bae70ab8c	4558440008	https://ftp.sra.ebi.ac.uk/vol1/fastq/SRR624/000/SRR6242330/SRR6242330_2.fastq.gz	42f5a8409196c74cbe83c877f58da801	4372912300
SRR6242331	Oyali_081	Oyali	SAMN07948591	3607553310	1354951731	https://ftp.sra.ebi.ac.uk/vol1/fastq/SRR624/001/SRR6242331/SRR6242331_1.fastq.gz	5cbafe3685a924c375ce8226379a838f	868807795	https://ftp.sra.ebi.ac.uk/vol1/fastq/SRR624/001/SRR6242331/SRR6242331_2.fastq.gz	6111c4f118b50bf680c834617c1bb595	956374557
SRR6242333	Oyali_076	Oyali	SAMN07948589	11760651936	4540413578	https://ftp.sra.ebi.ac.uk/vol1/fastq/SRR624/003/SRR6242333/SRR6242333_1.fastq.gz	5398e56c78109335133d76aa47e7eb4a	2939144537	https://ftp.sra.ebi.ac.uk/vol1/fastq/SRR624/003/SRR6242333/SRR6242333_2.fastq.gz	25cdb0428e6c62a2c1bad9c1dd74ced4	3210383126
SRR6242334	Oyali_076	Oyali	SAMN07948589	1428758950	611554497	https://ftp.sra.ebi.ac.uk/vol1/fastq/SRR624/004/SRR6242334/SRR6242334_1.fastq.gz	e4c883808b4b42f1a38b440390ba17c0	390925784	https://ftp.sra.ebi.ac.uk/vol1/fastq/SRR624/004/SRR6242334/SRR6242334_2.fastq.gz	98d139fb448079d87461a173e4357477	423562620
SRR6242335	Sirna_069	Sirna	SAMN07948713	4371500310	1955289275	https://ftp.sra.ebi.ac.uk/vol1/fastq/SRR624/005/SRR6242335/SRR6242335_1.fastq.gz	e3da1162cdce715a82f9d5e01d1e4fcc	1251815974	https://ftp.sra.ebi.ac.uk/vol1/fastq/SRR624/005/SRR6242335/SRR6242335_2.fastq.gz	25f4ab4b264ad13e8d87c32493fc36a4	1339786725
SRR6242336	CudiA_101	CudiA	SAMN07948305	639757692	279211459	https://ftp.sra.ebi.ac.uk/vol1/fastq/SRR624/006/SRR6242336/SRR6242336_1.fastq.gz	f9460e192613fe42c789c012b910e88e	177029876	https://ftp.sra.ebi.ac.uk/vol1/fastq/SRR624/006/SRR6242336/SRR6242336_2.fastq.gz	4c0b0becc919d6065282789a5b5cf747	191216300
SRR6242337	Besev_083	Besev	SAMN07948262	9022157892	3634798252	https://ftp.sra.ebi.ac.uk/vol1/fastq/SRR624/007/SRR6242337/SRR6242337_1.fastq.gz	bd42034331e40fc6563974c83a000339	2356068738	https://ftp.sra.ebi.ac.uk/vol1/fastq/SRR624/007/SRR6242337/SRR6242337_2.fastq.gz	e1f09873a1fff1368cc39ec7e6bac674	2548925351
SRR6242338	CudiA_104	CudiA	SAMN07948314	1243129080	539900997	https://ftp.sra.ebi.ac.uk/vol1/fastq/SRR624/008/SRR6242338/SRR6242338_1.fastq.gz	0b0ce8a6954299f93b7b41c96faa8114	344150529	https://ftp.sra.ebi.ac.uk/vol1/fastq/SRR624/008/SRR6242338/SRR6242338_2.fastq.gz	217c28cf77c2b63adc5c38e5ddc4b449	373806997
SRR6242339	CudiA_101	CudiA	SAMN07948305	3333943530	1304238778	https://ftp.sra.ebi.ac.uk/vol1/fastq/SRR624/009/SRR6242339/SRR6242339_1.fastq.gz	0122aedb3c32cf3c9b585cf76e11ebfd	832926890	https://ftp.sra.ebi.ac.uk/vol1/fastq/SRR624/009/SRR6242339/SRR6242339_2.fastq.gz	24f5238db8d634c41b1ad46f8ea8011a	898407998
SRR6242340	Besev_079	Besev	SAMN07948258	7438431750	2316486899	https://ftp.sra.ebi.ac.uk/vol1/fastq/SRR624/000/SRR6242340/SRR6242340_1.fastq.gz	d63723c465aba0dd40df9afe856bd363	1235207643	https://ftp.sra.ebi.ac.uk/vol1/fastq/SRR624/000/SRR6242340/SRR6242340_2.fastq.gz	47df51d133335b20340e77dccc42cda7	1250063737
SRR6242341	Besev_079	Besev	SAMN07948258	17760400500	5688040717	https://ftp.sra.ebi.ac.uk/vol1/fastq/SRR624/001/SRR6242341/SRR6242341_1.fastq.gz	cf89366609ab6f3bd1d37c954c9caf5d	3102926343	https://ftp.sra.ebi.ac.uk/vol1/fastq/SRR624/001/SRR6242341/SRR6242341_2.fastq.gz	daec977f6def2a47d1fda1880f91d992	3018367703
SRR6242342	Besev_083	Besev	SAMN07948262	755030514	321039184	https://ftp.sra.ebi.ac.uk/vol1/fastq/SRR624/002/SRR6242342/SRR6242342_1.fastq.gz	d963354d806038b33a29bb6153dadde0	205418554	https://ftp.sra.ebi.ac.uk/vol1/fastq/SRR624/002/SRR6242342/SRR6242342_2.fastq.gz	6a1e5d2bb32fb67f104495eaf804f1a0	222610738
SRR6242343	Besev_079	Besev	SAMN07948258	82659683422	38639356526	https://ftp.sra.ebi.ac.uk/vol1/fastq/SRR624/003/SRR6242343/SRR6242343_1.fastq.gz	4d4ff6d66d56d7c8593d539f0a874299	22532823800	https://ftp.sra.ebi.ac.uk/vol1/fastq/SRR624/003/SRR6242343/SRR6242343_2.fastq.gz	e9b7c1b142c466231d79c227f8badbd5	23848205890
SRR6242344	CudiA_105	CudiA	SAMN07948315	1456054330	644083424	https://ftp.sra.ebi.ac.uk/vol1/fastq/SRR624/004/SRR6242344/SRR6242344_1.fastq.gz	2839a2e6f8c8da18cb392bef440b5d41	409953359	https://ftp.sra.ebi.ac.uk/vol1/fastq/SRR624/004/SRR6242344/SRR6242344_2.fastq.gz	9fe65c35107f85864ff524a5d0d891f4	445575062
SRR6242345	CudiA_104	CudiA	SAMN07948314	2661834816	1006101134	https://ftp.sra.ebi.ac.uk/vol1/fastq/SRR624/005/SRR6242345/SRR6242345_1.fastq.gz	47c90721ee7acad9403223ee1fa33013	648870192	https://ftp.sra.ebi.ac.uk/vol1/fastq/SRR624/005/SRR6242345/SRR6242345_2.fastq.gz	9a63bc23c6e13822b386ed7f08de4f1b	703152428
SRR6242346	Bari1_069	Bari1	SAMN07948064	13180178880	5206579137	https://ftp.sra.ebi.ac.uk/vol1/fastq/SRR624/006/SRR6242346/SRR6242346_1.fastq.gz	87eb424bd0b554d1b08746bad24991ca	3288551182	https://ftp.sra.ebi.ac.uk/vol1/fastq/SRR624/006/SRR6242346/SRR6242346_2.fastq.gz	fa5a4e775a26ea390179735342f04e5e	3720241746
SRR6242347	Bari1_069	Bari1	SAMN07948064	1291628390	564637027	https://ftp.sra.ebi.ac.uk/vol1/fastq/SRR624/007/SRR6242347/SRR6242347_1.fastq.gz	8bee91b55694c932bdd75545318c41da	359601131	https://ftp.sra.ebi.ac.uk/vol1/fastq/SRR624/007/SRR6242347/SRR6242347_2.fastq.gz	409ef6ced7653a90e9757f1d0e55439a	387515596
SRR6242348	Bari1_002	Bari1	SAMN07948027	1036342840	521590711	https://ftp.sra.ebi.ac.uk/vol1/fastq/SRR624/008/SRR6242348/SRR6242348_1.fastq.gz	72eb5b81610aa96123a27e341af51a2b	330832130	https://ftp.sra.ebi.ac.uk/vol1/fastq/SRR624/008/SRR6242348/SRR6242348_2.fastq.gz	754874a0abc4bbf6ef5b702fca62023a	344503567
SRR6242350	Bari1_063	Bari1	SAMN07948058	4618871136	1718225447	https://ftp.sra.ebi.ac.uk/vol1/fastq/SRR624/000/SRR6242350/SRR6242350_1.fastq.gz	c67c62df8820c93c5cea9d6e25b99ddf	1146537677	https://ftp.sra.ebi.ac.uk/vol1/fastq/SRR624/000/SRR6242350/SRR6242350_2.fastq.gz	a1788f6f8fe8eb967029f094124fb497	1219737463
SRR6242351	Bari1_063	Bari1	SAMN07948058	1427705670	612623034	https://ftp.sra.ebi.ac.uk/vol1/fastq/SRR624/001/SRR6242351/SRR6242351_1.fastq.gz	b64d81d7fc3dfb022c39bf5ee792dad6	394703153	https://ftp.sra.ebi.ac.uk/vol1/fastq/SRR624/001/SRR6242351/SRR6242351_2.fastq.gz	61b8d549a2915bbe43bc077b0d767215	430235772
SRR6242352	Bari1_064	Bari1	SAMN07948059	7222280112	2832161352	https://ftp.sra.ebi.ac.uk/vol1/fastq/SRR624/002/SRR6242352/SRR6242352_1.fastq.gz	8e210a1159edcbbd87c0c5b3139369e8	1792613548	https://ftp.sra.ebi.ac.uk/vol1/fastq/SRR624/002/SRR6242352/SRR6242352_2.fastq.gz	3b4dea6b20622734ecbb24b8a0a88e98	2001842415
SRR6242353	Bari1_064	Bari1	SAMN07948059	659248548	286946064	https://ftp.sra.ebi.ac.uk/vol1/fastq/SRR624/003/SRR6242353/SRR6242353_1.fastq.gz	fdf14e566279345e95f1ebb8f5b3f293	183049287	https://ftp.sra.ebi.ac.uk/vol1/fastq/SRR624/003/SRR6242353/SRR6242353_2.fastq.gz	6d08128e5610737b8bdc55af60e1bab7	198213231
SRR6242354	Bari1_068	Bari1	SAMN07948063	6141359826	2752620368	https://ftp.sra.ebi.ac.uk/vol1/fastq/SRR624/004/SRR6242354/SRR6242354_1.fastq.gz	dd3225ba85c35df0d4298d824dbdddc2	1754042402	https://ftp.sra.ebi.ac.uk/vol1/fastq/SRR624/004/SRR6242354/SRR6242354_2.fastq.gz	d72edb84b4917eab1431aa2702339d22	1889420943
SRR6242355	Bari1_068	Bari1	SAMN07948063	2116119096	905143037	https://ftp.sra.ebi.ac.uk/vol1/fastq/SRR624/005/SRR6242355/SRR6242355_1.fastq.gz	a07667548447ca0a01e04528b0fe8acd	574863827	https://ftp.sra.ebi.ac.uk/vol1/fastq/SRR624/005/SRR6242355/SRR6242355_2.fastq.gz	774cf33147a27844d32291f17690eec5	624322388
SRR6242368	CudiA_124	CudiA	SAMN07948319	5592808340	2135935077	https://ftp.sra.ebi.ac.uk/vol1/fastq/SRR624/008/SRR6242368/SRR6242368_1.fastq.gz	acd82db1335fdfce94efddf8eb6282c6	1401186969	https://ftp.sra.ebi.ac.uk/vol1/fastq/SRR624/008/SRR6242368/SRR6242368_2.fastq.gz	53b352ce0bb494ab0f4aa01848c9efed	1506201563
SRR6242370	CudiA_127	CudiA	SAMN07948321	4628694640	1724892412	https://ftp.sra.ebi.ac.uk/vol1/fastq/SRR624/000/SRR6242370/SRR6242370_1.fastq.gz	829c4fa1d78c3a23cb93b4dcf6375905	1095560896	https://ftp.sra.ebi.ac.uk/vol1/fastq/SRR624/000/SRR6242370/SRR6242370_2.fastq.gz	8370d369e84645900bca3d235bd88df3	1200956322
SRR6242371	CudiA_128	CudiA	SAMN07948322	970986410	428415489	https://ftp.sra.ebi.ac.uk/vol1/fastq/SRR624/001/SRR6242371/SRR6242371_1.fastq.gz	9ff53d2771777e70c34594e47e881915	273444936	https://ftp.sra.ebi.ac.uk/vol1/fastq/SRR624/001/SRR6242371/SRR6242371_2.fastq.gz	54a5c4c83bce372f38d6105538745cf7	295684687
SRR6242372	CudiA_105	CudiA	SAMN07948315	9420248060	4389010332	https://ftp.sra.ebi.ac.uk/vol1/fastq/SRR624/002/SRR6242372/SRR6242372_1.fastq.gz	009c8d6cddfbe7341d93f75ddcfd5823	2822048215	https://ftp.sra.ebi.ac.uk/vol1/fastq/SRR624/002/SRR6242372/SRR6242372_2.fastq.gz	4b4061078298edffa9df626002fda914	2998507266
SRR6242374	CudiA_122	CudiA	SAMN07948318	9548540	3943663	https://ftp.sra.ebi.ac.uk/vol1/fastq/SRR624/004/SRR6242374/SRR6242374_1.fastq.gz	7e120a7e1016c326f06dd9fe036c9415	2530190	https://ftp.sra.ebi.ac.uk/vol1/fastq/SRR624/004/SRR6242374/SRR6242374_2.fastq.gz	774e80354e2c24e91cc542481ec1f591	2615693
SRR6242376	CudiA_128	CudiA	SAMN07948322	9531961920	3832232478	https://ftp.sra.ebi.ac.uk/vol1/fastq/SRR624/006/SRR6242376/SRR6242376_1.fastq.gz	b6d28a3242fe3d222ab8c203f4585a43	2537274312	https://ftp.sra.ebi.ac.uk/vol1/fastq/SRR624/006/SRR6242376/SRR6242376_2.fastq.gz	81fc2e3ae4d59d0db0477ef464fad082	2618592442
SRR6242379	Kalka_069	Kalka	SAMN07948437	3638976416	1787215187	https://ftp.sra.ebi.ac.uk/vol1/fastq/SRR624/009/SRR6242379/SRR6242379_1.fastq.gz	b976abaab25840da0190d72c82b90e6a	1132075248	https://ftp.sra.ebi.ac.uk/vol1/fastq/SRR624/009/SRR6242379/SRR6242379_2.fastq.gz	5af515f601b65011dc408030e9725195	1190907564
SRR6242381	Kalka_067	Kalka	SAMN07948436	4180599360	1690483014	https://ftp.sra.ebi.ac.uk/vol1/fastq/SRR624/001/SRR6242381/SRR6242381_1.fastq.gz	e77dd18d23424764028d80811788bbb6	1094577001	https://ftp.sra.ebi.ac.uk/vol1/fastq/SRR624/001/SRR6242381/SRR6242381_2.fastq.gz	a5ffcaa2dbe8dbb16c1f81e674e1bd8a	1120779520
SRR6242382	Kalka_075	Kalka	SAMN07948442	856928020	363831712	https://ftp.sra.ebi.ac.uk/vol1/fastq/SRR624/002/SRR6242382/SRR6242382_1.fastq.gz	852fac84e1a9936dd164d28a55e20fee	232886822	https://ftp.sra.ebi.ac.uk/vol1/fastq/SRR624/002/SRR6242382/SRR6242382_2.fastq.gz	9ddcb888af69adc3fc1af3880ecfc6f7	252723095
SRR6242383	Kalka_074	Kalka	SAMN07948441	6478797304	2499702613	https://ftp.sra.ebi.ac.uk/vol1/fastq/SRR624/003/SRR6242383/SRR6242383_1.fastq.gz	998ed7a97bff4028c29fc0e3a93726ab	1584570743	https://ftp.sra.ebi.ac.uk/vol1/fastq/SRR624/003/SRR6242383/SRR6242383_2.fastq.gz	5660e4c152da457f8d194a5f595bc32b	1726833630
SRR6242385	Kalka_070	Kalka	SAMN07948438	3888845604	1748589287	https://ftp.sra.ebi.ac.uk/vol1/fastq/SRR624/005/SRR6242385/SRR6242385_1.fastq.gz	735c8c0371f3080c8b439ffcd871b41d	1118333151	https://ftp.sra.ebi.ac.uk/vol1/fastq/SRR624/005/SRR6242385/SRR6242385_2.fastq.gz	1698353942105da0efb73a91cc44b482	1197424070
SRR6242386	Kayat_061	Kayat	SAMN07948471	388288168	167572035	https://ftp.sra.ebi.ac.uk/vol1/fastq/SRR624/006/SRR6242386/SRR6242386_1.fastq.gz	50df06dad4a2bd2604b6a3c643fdd4cd	107481806	https://ftp.sra.ebi.ac.uk/vol1/fastq/SRR624/006/SRR6242386/SRR6242386_2.fastq.gz	f072861a0b0bd1fabb9bd9954507007a	116412806
SRR6242387	Kalka_075	Kalka	SAMN07948442	7299818230	2715763354	https://ftp.sra.ebi.ac.uk/vol1/fastq/SRR624/007/SRR6242387/SRR6242387_1.fastq.gz	b87f2441785b36d09ccab4964e46b252	1745954613	https://ftp.sra.ebi.ac.uk/vol1/fastq/SRR624/007/SRR6242387/SRR6242387_2.fastq.gz	df57cc79e5a30fefd70148d4af3b2a3f	1936090284
SRR6242388	Bari3_091	Bari3	SAMN07948195	3740290196	1443673761	https://ftp.sra.ebi.ac.uk/vol1/fastq/SRR624/008/SRR6242388/SRR6242388_1.fastq.gz	b7a5b810d24e0f9c9923e88319146712	906902399	https://ftp.sra.ebi.ac.uk/vol1/fastq/SRR624/008/SRR6242388/SRR6242388_2.fastq.gz	1a0f3ef5ed5c222ad3390679947c6523	1045259068
SRR6242390	Bari3_072C	Bari3	SAMN07948189	8119903250	2515333433	https://ftp.sra.ebi.ac.uk/vol1/fastq/SRR624/000/SRR6242390/SRR6242390_1.fastq.gz	d9433c929b823078714fe5e0c97f3ea9	1293760398	https://ftp.sra.ebi.ac.uk/vol1/fastq/SRR624/000/SRR6242390/SRR6242390_2.fastq.gz	914666175b911eac5cdc4e7ab849d195	1301608919
SRR6242391	Bari3_072C	Bari3	SAMN07948189	12103356250	3837584787	https://ftp.sra.ebi.ac.uk/vol1/fastq/SRR624/001/SRR6242391/SRR6242391_1.fastq.gz	d31099d44e1a9c052f6a253c2dc6880e	2051955518	https://ftp.sra.ebi.ac.uk/vol1/fastq/SRR624/001/SRR6242391/SRR6242391_2.fastq.gz	d58a0dd75506e70adbec8e11a6ffbb11	1936927072
SRR6242392	Bari3_074	Bari3	SAMN07948191	3315038454	1468991290	https://ftp.sra.ebi.ac.uk/vol1/fastq/SRR624/002/SRR6242392/SRR6242392_1.fastq.gz	5e0bd21e8d1bff78d897871de7a254b6	942985087	https://ftp.sra.ebi.ac.uk/vol1/fastq/SRR624/002/SRR6242392/SRR6242392_2.fastq.gz	1340fdf93e984d27545873a5fd8d85ca	1015790149
SRR6242394	Bari3_075	Bari3	SAMN07948192	4081176876	1814238912	https://ftp.sra.ebi.ac.uk/vol1/fastq/SRR624/004/SRR6242394/SRR6242394_1.fastq.gz	bf07fef6b4112d405da1732c8968b379	1160556789	https://ftp.sra.ebi.ac.uk/vol1/fastq/SRR624/004/SRR6242394/SRR6242394_2.fastq.gz	fd188464f2b1c470bb7e11a6f0f58f40	1250058055
SRR6242396	Bari3_079	Bari3	SAMN07948194	9883189096	3791168114	https://ftp.sra.ebi.ac.uk/vol1/fastq/SRR624/006/SRR6242396/SRR6242396_1.fastq.gz	3aaf12661ae198528598cd7fbaca0519	2418977148	https://ftp.sra.ebi.ac.uk/vol1/fastq/SRR624/006/SRR6242396/SRR6242396_2.fastq.gz	5fe737071f511b8571a0735429c44600	2650737607
SRR6242405	Sirna_111	Sirna	SAMN07948736	5959175128	2241814996	https://ftp.sra.ebi.ac.uk/vol1/fastq/SRR624/005/SRR6242405/SRR6242405_1.fastq.gz	703f3eb09605ddbe506b51fabe975f64	1427606604	https://ftp.sra.ebi.ac.uk/vol1/fastq/SRR624/005/SRR6242405/SRR6242405_2.fastq.gz	b6fd1159221473a2e91f1cedc547e4e0	1530232576
SRR6242406	Sirna_111	Sirna	SAMN07948736	694427706	299528337	https://ftp.sra.ebi.ac.uk/vol1/fastq/SRR624/006/SRR6242406/SRR6242406_1.fastq.gz	00d6b58ecd1c88815c5af05782aa4575	188393848	https://ftp.sra.ebi.ac.uk/vol1/fastq/SRR624/006/SRR6242406/SRR6242406_2.fastq.gz	6fa39b49d23bfccb76694ef2684fd468	204776047
SRR6242407	Sirna_110	Sirna	SAMN07948735	4651338664	1766302249	https://ftp.sra.ebi.ac.uk/vol1/fastq/SRR624/007/SRR6242407/SRR6242407_1.fastq.gz	c1838ff45b50ad13148f75d2e217bf54	1138938506	https://ftp.sra.ebi.ac.uk/vol1/fastq/SRR624/007/SRR6242407/SRR6242407_2.fastq.gz	b160915dc84b99b95088b0e89c1a9265	1255085480
SRR6242408	Sarik_074	Sarik	SAMN07948646	4431782988	1656093190	https://ftp.sra.ebi.ac.uk/vol1/fastq/SRR624/008/SRR6242408/SRR6242408_1.fastq.gz	ec292fb5339868001504656d0833be8a	1080049551	https://ftp.sra.ebi.ac.uk/vol1/fastq/SRR624/008/SRR6242408/SRR6242408_2.fastq.gz	986da61843bc207c021bea4a6e75d732	1139681648
SRR6242410	Sarik_073	Sarik	SAMN07948645	3152124260	1181167281	https://ftp.sra.ebi.ac.uk/vol1/fastq/SRR624/000/SRR6242410/SRR6242410_1.fastq.gz	2adf43ba4fed5bb1ded89e18fbd452ca	774557191	https://ftp.sra.ebi.ac.uk/vol1/fastq/SRR624/000/SRR6242410/SRR6242410_2.fastq.gz	30b61dfd7841221609971271663688ee	823043147
SRR6242411	Sarik_074	Sarik	SAMN07948646	324605988	137513371	https://ftp.sra.ebi.ac.uk/vol1/fastq/SRR624/001/SRR6242411/SRR6242411_1.fastq.gz	2bef76c371d38cd2bac6ade71a4fed07	87837341	https://ftp.sra.ebi.ac.uk/vol1/fastq/SRR624/001/SRR6242411/SRR6242411_2.fastq.gz	254343a80267e47770633e425be41759	95147341
SRR6242412	Sarik_067	Sarik	SAMN07948643	9558855250	3000841318	https://ftp.sra.ebi.ac.uk/vol1/fastq/SRR624/002/SRR6242412/SRR6242412_1.fastq.gz	c0a98aa293684d68eaef1f5a1a39a117	1617685147	https://ftp.sra.ebi.ac.uk/vol1/fastq/SRR624/002/SRR6242412/SRR6242412_2.fastq.gz	fc3aefc6bd1fbb763679a60c3c53f37c	1605808126
SRR6242414	Sarik_066	Sarik	SAMN07948642	4295331096	1650504082	https://ftp.sra.ebi.ac.uk/vol1/fastq/SRR624/004/SRR6242414/SRR6242414_1.fastq.gz	ea27f0c87ca6bc2568642ec5952fb13d	1053434703	https://ftp.sra.ebi.ac.uk/vol1/fastq/SRR624/004/SRR6242414/SRR6242414_2.fastq.gz	6bce39d2801a032f0beb2abbb66c46a5	1172818231
SRR6242415	Sarik_067	Sarik	SAMN07948643	14248737000	4684181476	https://ftp.sra.ebi.ac.uk/vol1/fastq/SRR624/005/SRR6242415/SRR6242415_1.fastq.gz	04674446ac737cfd4e0f5c7427129141	2599343656	https://ftp.sra.ebi.ac.uk/vol1/fastq/SRR624/005/SRR6242415/SRR6242415_2.fastq.gz	044a846692a900a8d29651a4fbfe09bf	2454584553
SRR6242416	Sarik_077	Sarik	SAMN07948647	6155501472	2322195291	https://ftp.sra.ebi.ac.uk/vol1/fastq/SRR624/006/SRR6242416/SRR6242416_1.fastq.gz	beeae60bc06e77804568f49358671441	1514265487	https://ftp.sra.ebi.ac.uk/vol1/fastq/SRR624/006/SRR6242416/SRR6242416_2.fastq.gz	0121f26cb5dcf7db6b2c23d00c89b503	1615813060
SRR6242417	Sarik_078	Sarik	SAMN07948648	982835230	429672706	https://ftp.sra.ebi.ac.uk/vol1/fastq/SRR624/007/SRR6242417/SRR6242417_1.fastq.gz	5add5fe07fadecef5e370f0ba9a7211c	275130285	https://ftp.sra.ebi.ac.uk/vol1/fastq/SRR624/007/SRR6242417/SRR6242417_2.fastq.gz	484823586832d6c12a6f1b0bcd1593a7	299441978
SRR6242419	Bari1_092	Bari1	SAMN07948068	53961651500	20507730925	https://ftp.sra.ebi.ac.uk/vol1/fastq/SRR624/009/SRR6242419/SRR6242419_1.fastq.gz	f91e3b6582b88cae0f0295189cda3276	14180980012	https://ftp.sra.ebi.ac.uk/vol1/fastq/SRR624/009/SRR6242419/SRR6242419_2.fastq.gz	3f7d9ee018681e09104b66cf5eadf93f	13713573845
SRR6242420	Bari1_091	Bari1	SAMN07948067	5502395910	2053643704	https://ftp.sra.ebi.ac.uk/vol1/fastq/SRR624/000/SRR6242420/SRR6242420_1.fastq.gz	a20593809b39d1bd0ae8725ba962a583	1308308544	https://ftp.sra.ebi.ac.uk/vol1/fastq/SRR624/000/SRR6242420/SRR6242420_2.fastq.gz	75d8507c331c8154f47f6e56994f888f	1460603381
SRR6242427	Bari2_064	Bari2	SAMN07948115	756461916	322115816	https://ftp.sra.ebi.ac.uk/vol1/fastq/SRR624/007/SRR6242427/SRR6242427_1.fastq.gz	dea8a4cc041174b788b7459c4c53d657	206624078	https://ftp.sra.ebi.ac.uk/vol1/fastq/SRR624/007/SRR6242427/SRR6242427_2.fastq.gz	2b4dbbd2a6e60f98e9d3e924e7bfd6ca	223735393
SRR6242431	Bari2_062	Bari2	SAMN07948113	6452873568	2468479137	https://ftp.sra.ebi.ac.uk/vol1/fastq/SRR624/001/SRR6242431/SRR6242431_1.fastq.gz	5f3343b55acd0a35f03900bef827e19b	1575339341	https://ftp.sra.ebi.ac.uk/vol1/fastq/SRR624/001/SRR6242431/SRR6242431_2.fastq.gz	b3a208227414dd7e180323a48c551eba	1730623778
SRR6242432	Bari2_062	Bari2	SAMN07948113	1712704330	742763803	https://ftp.sra.ebi.ac.uk/vol1/fastq/SRR624/002/SRR6242432/SRR6242432_1.fastq.gz	8d8dd14e5406f095c2c0cf24f8f000e6	471071921	https://ftp.sra.ebi.ac.uk/vol1/fastq/SRR624/002/SRR6242432/SRR6242432_2.fastq.gz	bfafa4394895dc209c120c8b6def7282	511591058
SRR6242433	Sirna_087	Sirna	SAMN07948725	6781293216	2556719292	https://ftp.sra.ebi.ac.uk/vol1/fastq/SRR624/003/SRR6242433/SRR6242433_1.fastq.gz	cd119ab877de721dafed6330610f6644	1646383346	https://ftp.sra.ebi.ac.uk/vol1/fastq/SRR624/003/SRR6242433/SRR6242433_2.fastq.gz	c6fd8d50cba9fef1398df18eceffcc69	1784581930
SRR6242434	Bari2_067	Bari2	SAMN07948117	336963984	143271979	https://ftp.sra.ebi.ac.uk/vol1/fastq/SRR624/004/SRR6242434/SRR6242434_1.fastq.gz	73204c5d55fdbe2e0f6faea8ff89ff57	90857023	https://ftp.sra.ebi.ac.uk/vol1/fastq/SRR624/004/SRR6242434/SRR6242434_2.fastq.gz	20e67052b66f4d898c3a1571fbe499f6	98526429
SRR6242440	Bari2_064	Bari2	SAMN07948115	10502916370	4004154613	https://ftp.sra.ebi.ac.uk/vol1/fastq/SRR624/000/SRR6242440/SRR6242440_1.fastq.gz	8dff203b4dfdc33beb7a75c6f5609480	2613363541	https://ftp.sra.ebi.ac.uk/vol1/fastq/SRR624/000/SRR6242440/SRR6242440_2.fastq.gz	6485af2e6f6e28f51a1776d0f00369b9	2837205664
SRR6242444	Besev_061	Besev	SAMN07948246	4983068840	1857112699	https://ftp.sra.ebi.ac.uk/vol1/fastq/SRR624/004/SRR6242444/SRR6242444_1.fastq.gz	b42af4275f8146e35ed2e1da0179b841	1162117080	https://ftp.sra.ebi.ac.uk/vol1/fastq/SRR624/004/SRR6242444/SRR6242444_2.fastq.gz	4666c57893544ab314b7be4c938cd205	1281159287
SRR6242450	Bari3_112	Bari3	SAMN07948213	11925737856	4525595008	https://ftp.sra.ebi.ac.uk/vol1/fastq/SRR624/000/SRR6242450/SRR6242450_1.fastq.gz	1a1dcf0e451533a2fb3f4962ac528109	2884715490	https://ftp.sra.ebi.ac.uk/vol1/fastq/SRR624/000/SRR6242450/SRR6242450_2.fastq.gz	10344263351634b6fc98304ba12ea3fd	3168707996
SRR6242454	Derei_073	Derei	SAMN07948372	930489714	396880409	https://ftp.sra.ebi.ac.uk/vol1/fastq/SRR624/004/SRR6242454/SRR6242454_1.fastq.gz	640d8669658940d87b340e63190200ba	252274467	https://ftp.sra.ebi.ac.uk/vol1/fastq/SRR624/004/SRR6242454/SRR6242454_2.fastq.gz	77f37d4396c1ac1565ebf5755f7ef2ea	273863617
SRR6242455	Derei_072	Derei	SAMN07948371	7287614000	2286928259	https://ftp.sra.ebi.ac.uk/vol1/fastq/SRR624/005/SRR6242455/SRR6242455_1.fastq.gz	98681b3a2816685ce6fe2581b13a8e06	1206369669	https://ftp.sra.ebi.ac.uk/vol1/fastq/SRR624/005/SRR6242455/SRR6242455_2.fastq.gz	1227f953d4d38bad57f08096d2026ce2	1209820492
SRR6242456	Derei_072	Derei	SAMN07948371	15131243250	4839008486	https://ftp.sra.ebi.ac.uk/vol1/fastq/SRR624/006/SRR6242456/SRR6242456_1.fastq.gz	7fd26b08e8e3ed0ffdcdd1eeb51fb6b4	2666219931	https://ftp.sra.ebi.ac.uk/vol1/fastq/SRR624/006/SRR6242456/SRR6242456_2.fastq.gz	9dbe2abc1593ebab5fd305cd8d35362f	2461813879
SRR6242457	Derei_070	Derei	SAMN07948369	19782207000	6503816975	https://ftp.sra.ebi.ac.uk/vol1/fastq/SRR624/007/SRR6242457/SRR6242457_1.fastq.gz	73650430a1f22c5cd036a4135c9c0dd3	3932677335	https://ftp.sra.ebi.ac.uk/vol1/fastq/SRR624/007/SRR6242457/SRR6242457_2.fastq.gz	a8fd036e75ce8c65c27fd62702167a1c	3664376943
SRR6242458	Derei_069	Derei	SAMN07948368	2329146144	874704778	https://ftp.sra.ebi.ac.uk/vol1/fastq/SRR624/008/SRR6242458/SRR6242458_1.fastq.gz	dfd2b5cc9444ba51522b8923e6c8f249	561548915	https://ftp.sra.ebi.ac.uk/vol1/fastq/SRR624/008/SRR6242458/SRR6242458_2.fastq.gz	0a29bb0f7c8e4906dc2aef95ce1e42f8	609281081
SRR6242459	Derei_069	Derei	SAMN07948368	2382158890	1030343153	https://ftp.sra.ebi.ac.uk/vol1/fastq/SRR624/009/SRR6242459/SRR6242459_1.fastq.gz	a2da8e34f7b174589e039103211204ea	654605184	https://ftp.sra.ebi.ac.uk/vol1/fastq/SRR624/009/SRR6242459/SRR6242459_2.fastq.gz	ec12ad3f376f7ea50d6273890b5abace	713126494
SRR6242460	Derei_066	Derei	SAMN07948365	3343330662	1485370748	https://ftp.sra.ebi.ac.uk/vol1/fastq/SRR624/000/SRR6242460/SRR6242460_1.fastq.gz	81b9b0e21de949cef113c748bb74d5cb	950232589	https://ftp.sra.ebi.ac.uk/vol1/fastq/SRR624/000/SRR6242460/SRR6242460_2.fastq.gz	9d7b6efdc875d73b6a2cfa210e4037e3	1022899290
SRR6242462	Derei_074	Derei	SAMN07948373	997443216	430348972	https://ftp.sra.ebi.ac.uk/vol1/fastq/SRR624/002/SRR6242462/SRR6242462_1.fastq.gz	137a4c72f6a2f5ed5f2ad2895a39b3d5	273171273	https://ftp.sra.ebi.ac.uk/vol1/fastq/SRR624/002/SRR6242462/SRR6242462_2.fastq.gz	744689fef6ea056eea0f69f416f74c7c	296129082
SRR6242463	Derei_073	Derei	SAMN07948372	10809231342	4819061535	https://ftp.sra.ebi.ac.uk/vol1/fastq/SRR624/003/SRR6242463/SRR6242463_1.fastq.gz	fcc206ac35443cb999a3497188f14935	3070305245	https://ftp.sra.ebi.ac.uk/vol1/fastq/SRR624/003/SRR6242463/SRR6242463_2.fastq.gz	293b41d967dc8af3054bd8e7e6db9834	3311114843
SRR6242466	Oyali_074	Oyali	SAMN07948588	3676748760	1425082120	https://ftp.sra.ebi.ac.uk/vol1/fastq/SRR624/006/SRR6242466/SRR6242466_1.fastq.gz	8c82517ef1d20cb80392fecc291d2a75	909436320	https://ftp.sra.ebi.ac.uk/vol1/fastq/SRR624/006/SRR6242466/SRR6242466_2.fastq.gz	4464c3ec3bf42d06ed6adc98d81b3297	1003448836
SRR6242467	Kesen_101	Kesen	SAMN07948506	153107262	65924284	https://ftp.sra.ebi.ac.uk/vol1/fastq/SRR624/007/SRR6242467/SRR6242467_1.fastq.gz	4cd75dae850dc4f4f7026b0091b24238	41760571	https://ftp.sra.ebi.ac.uk/vol1/fastq/SRR624/007/SRR6242467/SRR6242467_2.fastq.gz	02f7df45e552892dc07fec905cd05dd9	45519729
SRR6242468	Kesen_101	Kesen	SAMN07948506	26600197272	10019421805	https://ftp.sra.ebi.ac.uk/vol1/fastq/SRR624/008/SRR6242468/SRR6242468_1.fastq.gz	797bde2f287390b098814fa2f8bdc921	6459737644	https://ftp.sra.ebi.ac.uk/vol1/fastq/SRR624/008/SRR6242468/SRR6242468_2.fastq.gz	4788e68c0d038bb91cf66dad4abb91f9	7004059105
SRR6242469	Kesen_077	Kesen	SAMN07948505	2095318890	897395765	https://ftp.sra.ebi.ac.uk/vol1/fastq/SRR624/009/SRR6242469/SRR6242469_1.fastq.gz	4c1345ab65816fc612d40324c153325b	571251244	https://ftp.sra.ebi.ac.uk/vol1/fastq/SRR624/009/SRR6242469/SRR6242469_2.fastq.gz	0b362575ac3e5cbd174afb111e99911e	626112611
SRR6242470	Kesen_077	Kesen	SAMN07948505	2968100120	1092290314	https://ftp.sra.ebi.ac.uk/vol1/fastq/SRR624/000/SRR6242470/SRR6242470_1.fastq.gz	b197727a204aa44bc51331f53a7b8b00	717834265	https://ftp.sra.ebi.ac.uk/vol1/fastq/SRR624/000/SRR6242470/SRR6242470_2.fastq.gz	87f59d6cd6f60e615002feffe8fc6786	765735192
SRR6242471	Oyali_073	Oyali	SAMN07948587	1009938940	432650025	https://ftp.sra.ebi.ac.uk/vol1/fastq/SRR624/001/SRR6242471/SRR6242471_1.fastq.gz	3f6704e7e2a0491472ed09b2822dc16d	275617234	https://ftp.sra.ebi.ac.uk/vol1/fastq/SRR624/001/SRR6242471/SRR6242471_2.fastq.gz	73693d598e32e67ff081e968bd337ba7	300104088
SRR6242472	Oyali_073	Oyali	SAMN07948587	137063570	50898276	https://ftp.sra.ebi.ac.uk/vol1/fastq/SRR624/002/SRR6242472/SRR6242472_1.fastq.gz	9cd293c29b08a3d81215e625158d329b	32376433	https://ftp.sra.ebi.ac.uk/vol1/fastq/SRR624/002/SRR6242472/SRR6242472_2.fastq.gz	092993ffbb66915d2d8d749a81ef1a5f	35019610
SRR6242473	Kesen_104	Kesen	SAMN07948509	566395904	245204314	https://ftp.sra.ebi.ac.uk/vol1/fastq/SRR624/003/SRR6242473/SRR6242473_1.fastq.gz	34b0d6aff47278bea46aa39619d907f0	154372557	https://ftp.sra.ebi.ac.uk/vol1/fastq/SRR624/003/SRR6242473/SRR6242473_2.fastq.gz	aee149e43ce9bab17e4ffbf4c369ceda	167517063
SRR6242474	Kesen_104	Kesen	SAMN07948509	2929797790	1100797999	https://ftp.sra.ebi.ac.uk/vol1/fastq/SRR624/004/SRR6242474/SRR6242474_1.fastq.gz	49fdbb6cc9811e522fe63a6073332ad8	698863712	https://ftp.sra.ebi.ac.uk/vol1/fastq/SRR624/004/SRR6242474/SRR6242474_2.fastq.gz	e5ff277875c4cbb82bee005b05878312	753669750
SRR6242475	Kayat_070	Kayat	SAMN07948479	5631502072	2206285457	https://ftp.sra.ebi.ac.uk/vol1/fastq/SRR624/005/SRR6242475/SRR6242475_1.fastq.gz	04c834784a216a11a9373f4da69de3d7	1401619975	https://ftp.sra.ebi.ac.uk/vol1/fastq/SRR624/005/SRR6242475/SRR6242475_2.fastq.gz	336591b9144f96cfeeffcd59293424ec	1520390091
SRR6242476	Kayat_077	Kayat	SAMN07948482	14803641500	4760428793	https://ftp.sra.ebi.ac.uk/vol1/fastq/SRR624/006/SRR6242476/SRR6242476_1.fastq.gz	bf7457e7902bc9d178e6dd010420a080	2773437296	https://ftp.sra.ebi.ac.uk/vol1/fastq/SRR624/006/SRR6242476/SRR6242476_2.fastq.gz	63e8de03d427f312838e749b3d3d4a0e	2500942147
SRR6242477	Kayat_063	Kayat	SAMN07948473	4881077256	1928908878	https://ftp.sra.ebi.ac.uk/vol1/fastq/SRR624/007/SRR6242477/SRR6242477_1.fastq.gz	31b417b006c9abd7162b6c6edd587ca5	1201445184	https://ftp.sra.ebi.ac.uk/vol1/fastq/SRR624/007/SRR6242477/SRR6242477_2.fastq.gz	b485bfe325baece04dff7a30d3242324	1370317900
SRR6242479	Kayat_061	Kayat	SAMN07948471	8645415910	3268074315	https://ftp.sra.ebi.ac.uk/vol1/fastq/SRR624/009/SRR6242479/SRR6242479_1.fastq.gz	4c7f887d769cd179ef1d66a45eea859d	2125171241	https://ftp.sra.ebi.ac.uk/vol1/fastq/SRR624/009/SRR6242479/SRR6242479_2.fastq.gz	934ace3746b6c447b3a996afd0f754f9	2316736505
SRR6242481	Kayat_066	Kayat	SAMN07948476	3889716640	1740548515	https://ftp.sra.ebi.ac.uk/vol1/fastq/SRR624/001/SRR6242481/SRR6242481_1.fastq.gz	951989c53b3956da6cb6d17f91ade90a	1108971725	https://ftp.sra.ebi.ac.uk/vol1/fastq/SRR624/001/SRR6242481/SRR6242481_2.fastq.gz	c01fdf3b522003815471c00461dd9ad9	1187227848
SRR6242483	Kayat_064	Kayat	SAMN07948474	7225298224	2806402440	https://ftp.sra.ebi.ac.uk/vol1/fastq/SRR624/003/SRR6242483/SRR6242483_1.fastq.gz	c10bb07c6e8471b9f6c1bd85b443fc0a	1788539161	https://ftp.sra.ebi.ac.uk/vol1/fastq/SRR624/003/SRR6242483/SRR6242483_2.fastq.gz	7125d95ec389f50189d6d8e297657188	1985978152
SRR6242487	Besev_074	Besev	SAMN07948254	5605123084	2119046869	https://ftp.sra.ebi.ac.uk/vol1/fastq/SRR624/007/SRR6242487/SRR6242487_1.fastq.gz	082420ba966400dd6fd883f7e84c281f	1382287689	https://ftp.sra.ebi.ac.uk/vol1/fastq/SRR624/007/SRR6242487/SRR6242487_2.fastq.gz	f0de54a93371760aef7df01f3309de2e	1481574694
SRR6242489	Besev_066	Besev	SAMN07948250	2132749152	843705423	https://ftp.sra.ebi.ac.uk/vol1/fastq/SRR624/009/SRR6242489/SRR6242489_1.fastq.gz	fc3f13a1b63cce6e2c1536b5350f4037	549847395	https://ftp.sra.ebi.ac.uk/vol1/fastq/SRR624/009/SRR6242489/SRR6242489_2.fastq.gz	bbd293dd270fd43f67c22c64fd6f9cbd	548347528
SRR6242490	Besev_065	Besev	SAMN07948249	1400057948	599067913	https://ftp.sra.ebi.ac.uk/vol1/fastq/SRR624/000/SRR6242490/SRR6242490_1.fastq.gz	f1e4c5eb104f4ccc2f9c9bd226ab11a7	384845083	https://ftp.sra.ebi.ac.uk/vol1/fastq/SRR624/000/SRR6242490/SRR6242490_2.fastq.gz	b48417003c11556a7c5c4a669feba9dd	416699517
SRR6242491	Besev_065	Besev	SAMN07948249	7685224170	3040621130	https://ftp.sra.ebi.ac.uk/vol1/fastq/SRR624/001/SRR6242491/SRR6242491_1.fastq.gz	8563125481863794a26414ecb00ce641	1883720459	https://ftp.sra.ebi.ac.uk/vol1/fastq/SRR624/001/SRR6242491/SRR6242491_2.fastq.gz	45169798524627851d868b7c7f657a47	2186108671
SRR6242492	Besev_062	Besev	SAMN07948247	1069910982	462966066	https://ftp.sra.ebi.ac.uk/vol1/fastq/SRR624/002/SRR6242492/SRR6242492_1.fastq.gz	235bf6afb71d408bca71e5f319dc2eda	293657718	https://ftp.sra.ebi.ac.uk/vol1/fastq/SRR624/002/SRR6242492/SRR6242492_2.fastq.gz	7ca7ea4cfb50b868b7a1ae4cd76687e2	319754076
SRR6242493	Besev_062	Besev	SAMN07948247	4359092370	1626378187	https://ftp.sra.ebi.ac.uk/vol1/fastq/SRR624/003/SRR6242493/SRR6242493_1.fastq.gz	17511e8b9e0688dcf731230d01121ab8	1053994504	https://ftp.sra.ebi.ac.uk/vol1/fastq/SRR624/003/SRR6242493/SRR6242493_2.fastq.gz	4b8b1ab9bc2dfa7197cf11880d73131d	1135811081
SRR6242494	Besev_075	Besev	SAMN07948255	16940265500	5391893042	https://ftp.sra.ebi.ac.uk/vol1/fastq/SRR624/004/SRR6242494/SRR6242494_1.fastq.gz	351f3562a4f762383f46e5d333eaba2c	3030465217	https://ftp.sra.ebi.ac.uk/vol1/fastq/SRR624/004/SRR6242494/SRR6242494_2.fastq.gz	83f437d70801e53e9dcb1b2a2a74e4be	2795581620
SRR6242495	Besev_075	Besev	SAMN07948255	6327237750	1976830245	https://ftp.sra.ebi.ac.uk/vol1/fastq/SRR624/005/SRR6242495/SRR6242495_1.fastq.gz	0151ef0d01a9b7c8fc5f04db814fbe76	1064809622	https://ftp.sra.ebi.ac.uk/vol1/fastq/SRR624/005/SRR6242495/SRR6242495_2.fastq.gz	6f9902410e173040e241522c7a6c7a76	1066902145
SRR6242507	Egill_064	Egill	SAMN07948378	5286626208	2197681490	https://ftp.sra.ebi.ac.uk/vol1/fastq/SRR624/007/SRR6242507/SRR6242507_1.fastq.gz	cdf0fdcb5d18c05c61bda931ed7fd64b	1401000631	https://ftp.sra.ebi.ac.uk/vol1/fastq/SRR624/007/SRR6242507/SRR6242507_2.fastq.gz	393233499e4970b595a2dfaf6e3a7b20	1537835184
SRR6242508	Egill_065	Egill	SAMN07948379	22580850250	7342315775	https://ftp.sra.ebi.ac.uk/vol1/fastq/SRR624/008/SRR6242508/SRR6242508_1.fastq.gz	99364089076df04ba89c5f754cd57c7c	4317342568	https://ftp.sra.ebi.ac.uk/vol1/fastq/SRR624/008/SRR6242508/SRR6242508_2.fastq.gz	028d4a6e63b5c44db1da78123da04361	4034123319
SRR6242509	Egill_063	Egill	SAMN07948377	5358647550	2021311471	https://ftp.sra.ebi.ac.uk/vol1/fastq/SRR624/009/SRR6242509/SRR6242509_1.fastq.gz	463cf4a4cd0de573390e82247822eecd	1277663553	https://ftp.sra.ebi.ac.uk/vol1/fastq/SRR624/009/SRR6242509/SRR6242509_2.fastq.gz	77a055bb885ef33d6a811c805a8b964a	1440280724
SRR6242510	Egill_064	Egill	SAMN07948378	1224761060	539776845	https://ftp.sra.ebi.ac.uk/vol1/fastq/SRR624/000/SRR6242510/SRR6242510_1.fastq.gz	e808842e0f7985ff6a35891f678e7f19	346118055	https://ftp.sra.ebi.ac.uk/vol1/fastq/SRR624/000/SRR6242510/SRR6242510_2.fastq.gz	f38eb158b77cb76770e943ebe9b410ad	374669849
SRR6242511	Derei_078	Derei	SAMN07948375	5240902724	1995858854	https://ftp.sra.ebi.ac.uk/vol1/fastq/SRR624/001/SRR6242511/SRR6242511_1.fastq.gz	e87fc6c02fb22611172b4267b673e16a	1277863577	https://ftp.sra.ebi.ac.uk/vol1/fastq/SRR624/001/SRR6242511/SRR6242511_2.fastq.gz	8af1a7d58ce856efad684e18dee5af49	1424231208
SRR6242512	Egill_063	Egill	SAMN07948377	1937852490	830898635	https://ftp.sra.ebi.ac.uk/vol1/fastq/SRR624/002/SRR6242512/SRR6242512_1.fastq.gz	a9c6f27ba1724780a3770e8082ac99ac	526734524	https://ftp.sra.ebi.ac.uk/vol1/fastq/SRR624/002/SRR6242512/SRR6242512_2.fastq.gz	a8e4ffc71f502448fca00ff9d180b2ed	571476578
SRR6242513	Derei_075	Derei	SAMN07948374	4199547130	1538576766	https://ftp.sra.ebi.ac.uk/vol1/fastq/SRR624/003/SRR6242513/SRR6242513_1.fastq.gz	02b330299a5c8079ee16d81b03bae112	1010224829	https://ftp.sra.ebi.ac.uk/vol1/fastq/SRR624/003/SRR6242513/SRR6242513_2.fastq.gz	fb215b3761343681a427577acc64270d	1092558467
SRR6242514	Derei_078	Derei	SAMN07948375	2387128884	1023282352	https://ftp.sra.ebi.ac.uk/vol1/fastq/SRR624/004/SRR6242514/SRR6242514_1.fastq.gz	3b9bb422665f96ac26861d1599e9478d	651464455	https://ftp.sra.ebi.ac.uk/vol1/fastq/SRR624/004/SRR6242514/SRR6242514_2.fastq.gz	5568bee3c2118a4608076531718559b1	712621236
SRR6242515	Derei_074	Derei	SAMN07948373	7472704276	2895181936	https://ftp.sra.ebi.ac.uk/vol1/fastq/SRR624/005/SRR6242515/SRR6242515_1.fastq.gz	4a8858a60cd9f9ad2a2a8728d91603d8	1835643906	https://ftp.sra.ebi.ac.uk/vol1/fastq/SRR624/005/SRR6242515/SRR6242515_2.fastq.gz	5d29a99946621079862f52efb66bff4c	2014012527
SRR6242516	Derei_075	Derei	SAMN07948374	605936792	254150027	https://ftp.sra.ebi.ac.uk/vol1/fastq/SRR624/006/SRR6242516/SRR6242516_1.fastq.gz	53779a805ff142eeb9048ce2ec05ec44	163357799	https://ftp.sra.ebi.ac.uk/vol1/fastq/SRR624/006/SRR6242516/SRR6242516_2.fastq.gz	5d968943b27e01ba0d05e506bdbdc1a1	177724995
SRR6242517	Bari3_067	Bari3	SAMN07948184	1873369176	800533073	https://ftp.sra.ebi.ac.uk/vol1/fastq/SRR624/007/SRR6242517/SRR6242517_1.fastq.gz	c3b1f1f88f3cdf55ae87df65bbfa4634	507948582	https://ftp.sra.ebi.ac.uk/vol1/fastq/SRR624/007/SRR6242517/SRR6242517_2.fastq.gz	d3acfb6f47795a6b9ec569c87dadea09	550904957
SRR6242518	Bari3_067	Bari3	SAMN07948184	5939318544	2377189177	https://ftp.sra.ebi.ac.uk/vol1/fastq/SRR624/008/SRR6242518/SRR6242518_1.fastq.gz	94183ff7f6f10174716792fce44784b6	1451279371	https://ftp.sra.ebi.ac.uk/vol1/fastq/SRR624/008/SRR6242518/SRR6242518_2.fastq.gz	78de197af66a419a20fd99cf42c161fa	1688955764
SRR6242519	Bari2_074	Bari2	SAMN07948122	412240626	175122331	https://ftp.sra.ebi.ac.uk/vol1/fastq/SRR624/009/SRR6242519/SRR6242519_1.fastq.gz	92ace0f168f608d269303615232f3950	111749416	https://ftp.sra.ebi.ac.uk/vol1/fastq/SRR624/009/SRR6242519/SRR6242519_2.fastq.gz	bb108b23eaad113a2b3338879ec9b24e	122743054
SRR6242520	Bari2_074	Bari2	SAMN07948122	15432026552	5811510977	https://ftp.sra.ebi.ac.uk/vol1/fastq/SRR624/000/SRR6242520/SRR6242520_1.fastq.gz	d39077719b49c9c0c2be938f1fdb7050	3877741741	https://ftp.sra.ebi.ac.uk/vol1/fastq/SRR624/000/SRR6242520/SRR6242520_2.fastq.gz	05cc6a88e4dc998a0587f86263242d1d	4099716840
SRR6242521	Bari2_067	Bari2	SAMN07948117	3929108904	1927856222	https://ftp.sra.ebi.ac.uk/vol1/fastq/SRR624/001/SRR6242521/SRR6242521_1.fastq.gz	1d0de85b53e5b2eaf61c85202f3c5078	1230918865	https://ftp.sra.ebi.ac.uk/vol1/fastq/SRR624/001/SRR6242521/SRR6242521_2.fastq.gz	afff8f51729e437843ad0f7fd4996125	1295650624
SRR6242522	Bari2_072N2	Bari2	SAMN07948120	30873465250	11709275430	https://ftp.sra.ebi.ac.uk/vol1/fastq/SRR624/002/SRR6242522/SRR6242522_1.fastq.gz	41da20a87f35a54b253158ac85b700c5	7525625497	https://ftp.sra.ebi.ac.uk/vol1/fastq/SRR624/002/SRR6242522/SRR6242522_2.fastq.gz	c5f29e5ca0d41bd1df7912cc8ffbdfb1	7462901791
SRR6242523	Bari3_065	Bari3	SAMN07948182	1452658998	626733071	https://ftp.sra.ebi.ac.uk/vol1/fastq/SRR624/003/SRR6242523/SRR6242523_1.fastq.gz	51f760c2dfcde8d613818502bb68edaa	398788744	https://ftp.sra.ebi.ac.uk/vol1/fastq/SRR624/003/SRR6242523/SRR6242523_2.fastq.gz	2a59949a9ec52b45f77bd3f3c518c0ce	431947490
SRR6242524	Bari3_065	Bari3	SAMN07948182	6225254260	2391757224	https://ftp.sra.ebi.ac.uk/vol1/fastq/SRR624/004/SRR6242524/SRR6242524_1.fastq.gz	e7ee4683cc53291067cda2b007f7f8bb	1528534571	https://ftp.sra.ebi.ac.uk/vol1/fastq/SRR624/004/SRR6242524/SRR6242524_2.fastq.gz	9bc5f9933b11d402315314500062541b	1701317415
SRR6242525	Bari3_064	Bari3	SAMN07948181	761976740	323719170	https://ftp.sra.ebi.ac.uk/vol1/fastq/SRR624/005/SRR6242525/SRR6242525_1.fastq.gz	2887cd0c8c74f07512e9e2fc99923735	208250207	https://ftp.sra.ebi.ac.uk/vol1/fastq/SRR624/005/SRR6242525/SRR6242525_2.fastq.gz	45331e4a98eab9ba5b7f5ddcae38b71b	226111472
SRR6242526	Bari3_064	Bari3	SAMN07948181	12519137376	4711894941	https://ftp.sra.ebi.ac.uk/vol1/fastq/SRR624/006/SRR6242526/SRR6242526_1.fastq.gz	0fed2e433915b887d0f244e09ba2f930	3111957903	https://ftp.sra.ebi.ac.uk/vol1/fastq/SRR624/006/SRR6242526/SRR6242526_2.fastq.gz	e3a512ce1ac6df0363afd606032c2ea6	3339648794
SRR6242537	Sarik_064	Sarik	SAMN07948640	4458756666	1911837176	https://ftp.sra.ebi.ac.uk/vol1/fastq/SRR624/007/SRR6242537/SRR6242537_1.fastq.gz	a42218c5e9c01af7e642b816989560cb	1216292181	https://ftp.sra.ebi.ac.uk/vol1/fastq/SRR624/007/SRR6242537/SRR6242537_2.fastq.gz	078487cdfc6de84af61bd74a39730c4a	1327246848
SRR6242538	Sarik_061	Sarik	SAMN07948638	3714353060	1343436892	https://ftp.sra.ebi.ac.uk/vol1/fastq/SRR624/008/SRR6242538/SRR6242538_1.fastq.gz	860f5afc4380eab76d74144ac4d2c7d3	873950998	https://ftp.sra.ebi.ac.uk/vol1/fastq/SRR624/008/SRR6242538/SRR6242538_2.fastq.gz	99df5c86eeca86960a773400e6113c47	946379153
SRR6242539	Sarik_065	Sarik	SAMN07948641	1223431236	515827523	https://ftp.sra.ebi.ac.uk/vol1/fastq/SRR624/009/SRR6242539/SRR6242539_1.fastq.gz	996d1b24fa8207b3907b9f32aac714ad	331205541	https://ftp.sra.ebi.ac.uk/vol1/fastq/SRR624/009/SRR6242539/SRR6242539_2.fastq.gz	ce1c74266937e69e9c6d5af774b6fbd1	359781413
SRR6242540	Sarik_064	Sarik	SAMN07948640	1587953388	707011457	https://ftp.sra.ebi.ac.uk/vol1/fastq/SRR624/000/SRR6242540/SRR6242540_1.fastq.gz	f59ccd9443bc2144fe85e69e9c2f85f6	451410420	https://ftp.sra.ebi.ac.uk/vol1/fastq/SRR624/000/SRR6242540/SRR6242540_2.fastq.gz	c57083cae9898be7ab9341b5b8d05bc1	486134700
SRR6242542	Oyali_111	Oyali	SAMN07948606	3835933530	1442275185	https://ftp.sra.ebi.ac.uk/vol1/fastq/SRR624/002/SRR6242542/SRR6242542_1.fastq.gz	0e0252ad86118564b327cc3e4671c5d5	914202699	https://ftp.sra.ebi.ac.uk/vol1/fastq/SRR624/002/SRR6242542/SRR6242542_2.fastq.gz	2b57d17685746f56e1bbec4bd3be6e12	1023047929
SRR6242544	Oyali_112	Oyali	SAMN07948607	4914540864	1959749630	https://ftp.sra.ebi.ac.uk/vol1/fastq/SRR624/004/SRR6242544/SRR6242544_1.fastq.gz	d1f06406cd35423fc237db1c1347de3d	1307298042	https://ftp.sra.ebi.ac.uk/vol1/fastq/SRR624/004/SRR6242544/SRR6242544_2.fastq.gz	59ceb57386e7212d1c803032d4fbb3d8	1305125864
SRR6242545	Sarik_066	Sarik	SAMN07948642	1019268306	440691702	https://ftp.sra.ebi.ac.uk/vol1/fastq/SRR624/005/SRR6242545/SRR6242545_1.fastq.gz	faba507e291a4fde295a5276bca03673	280673626	https://ftp.sra.ebi.ac.uk/vol1/fastq/SRR624/005/SRR6242545/SRR6242545_2.fastq.gz	27d14fa93f122253fdf0af1e567409b4	308094754
SRR6242546	Sarik_065	Sarik	SAMN07948641	7889097360	2951007501	https://ftp.sra.ebi.ac.uk/vol1/fastq/SRR624/006/SRR6242546/SRR6242546_1.fastq.gz	d1a0b7da5d985accb701d4c894f8073d	1928619216	https://ftp.sra.ebi.ac.uk/vol1/fastq/SRR624/006/SRR6242546/SRR6242546_2.fastq.gz	83b41097150d7b0053910fc934dc70ca	2089828513
SRR6242555	Bari3_104	Bari3	SAMN07948201	1396565920	688770128	https://ftp.sra.ebi.ac.uk/vol1/fastq/SRR624/005/SRR6242555/SRR6242555_1.fastq.gz	4a1dd798768c5112ad1cfcf7d44af0fb	437483448	https://ftp.sra.ebi.ac.uk/vol1/fastq/SRR624/005/SRR6242555/SRR6242555_2.fastq.gz	cbbe442b4c52b88868d04366a6af1f83	459601132
SRR6242556	Bari3_112	Bari3	SAMN07948213	529985730	229095029	https://ftp.sra.ebi.ac.uk/vol1/fastq/SRR624/006/SRR6242556/SRR6242556_1.fastq.gz	49ec27f76903824253c4893cd1359a0e	145400585	https://ftp.sra.ebi.ac.uk/vol1/fastq/SRR624/006/SRR6242556/SRR6242556_2.fastq.gz	ae8bf8846600d7d630e73bf65b4bd6db	158094963
SRR6242557	Bari3_110	Bari3	SAMN07948211	4181946740	1541282068	https://ftp.sra.ebi.ac.uk/vol1/fastq/SRR624/007/SRR6242557/SRR6242557_1.fastq.gz	255ae69db495c6a44102acb8dd36a001	995576467	https://ftp.sra.ebi.ac.uk/vol1/fastq/SRR624/007/SRR6242557/SRR6242557_2.fastq.gz	fc0a06235eb0574b82b7ecbb67157d19	1100511652
SRR6242559	Bari3_106D	Bari3	SAMN07948207	7064793500	2235524910	https://ftp.sra.ebi.ac.uk/vol1/fastq/SRR624/009/SRR6242559/SRR6242559_1.fastq.gz	b0a5f2aa0885e536a319a24110d53e3e	1272462685	https://ftp.sra.ebi.ac.uk/vol1/fastq/SRR624/009/SRR6242559/SRR6242559_2.fastq.gz	cfb36438a9a5cd59f305297a1e186bd2	1250979175
SRR6242560	Bari3_106D	Bari3	SAMN07948207	16999079000	5562181916	https://ftp.sra.ebi.ac.uk/vol1/fastq/SRR624/000/SRR6242560/SRR6242560_1.fastq.gz	6011a757c6e7fb3f2224ae7c29c84e8f	3345913096	https://ftp.sra.ebi.ac.uk/vol1/fastq/SRR624/000/SRR6242560/SRR6242560_2.fastq.gz	1ba24c449d12c382d1d481365b78855b	2955752800
SRR6242574	Besev_066	Besev	SAMN07948250	1550210370	695606335	https://ftp.sra.ebi.ac.uk/vol1/fastq/SRR624/004/SRR6242574/SRR6242574_1.fastq.gz	496f47c135b7697a69242d4e63229ee4	435409849	https://ftp.sra.ebi.ac.uk/vol1/fastq/SRR624/004/SRR6242574/SRR6242574_2.fastq.gz	d19e11266b4301342799057266cd9f97	470705067
SRR6242575	CudiB_004	CudiB	SAMN07948329	3308383764	1475151060	https://ftp.sra.ebi.ac.uk/vol1/fastq/SRR624/005/SRR6242575/SRR6242575_1.fastq.gz	848e441832b9f3af0744c40069fae9c3	939267191	https://ftp.sra.ebi.ac.uk/vol1/fastq/SRR624/005/SRR6242575/SRR6242575_2.fastq.gz	1b2aac0c2e564ec627abd3c74d7bd4af	1010648900
SRR6242577	CudiA_221	CudiA	SAMN07948328	5829294930	2231354100	https://ftp.sra.ebi.ac.uk/vol1/fastq/SRR624/007/SRR6242577/SRR6242577_1.fastq.gz	0bae435c75fd2d5f24444b31640c2da8	1462744932	https://ftp.sra.ebi.ac.uk/vol1/fastq/SRR624/007/SRR6242577/SRR6242577_2.fastq.gz	3771d5eadc30287033b673ef167ee0cc	1557976070
SRR6242578	CudiB_004	CudiB	SAMN07948329	1380988266	594026511	https://ftp.sra.ebi.ac.uk/vol1/fastq/SRR624/008/SRR6242578/SRR6242578_1.fastq.gz	da52c942459254d13abc6599c4a6b49e	376829867	https://ftp.sra.ebi.ac.uk/vol1/fastq/SRR624/008/SRR6242578/SRR6242578_2.fastq.gz	5324dd0b0d211bff629d95d78ffcb82e	410951966
SRR6242579	CudiB_006	CudiB	SAMN07948331	6766274780	2555518823	https://ftp.sra.ebi.ac.uk/vol1/fastq/SRR624/009/SRR6242579/SRR6242579_1.fastq.gz	212c63ea9c2cbdf3ab31510c8bf4f5ae	1629460463	https://ftp.sra.ebi.ac.uk/vol1/fastq/SRR624/009/SRR6242579/SRR6242579_2.fastq.gz	a3b509263ca68f56a590daa0aa7723ff	1796177492
SRR6242581	CudiB_005	CudiB	SAMN07948330	1808725650	704390405	https://ftp.sra.ebi.ac.uk/vol1/fastq/SRR624/001/SRR6242581/SRR6242581_1.fastq.gz	5a63d6bd7a025269ecf93f0ef1abe5f7	449560515	https://ftp.sra.ebi.ac.uk/vol1/fastq/SRR624/001/SRR6242581/SRR6242581_2.fastq.gz	2f43dd6095d96aa80414eb2f7f593240	490932253
SRR6242583	CudiB_008	CudiB	SAMN07948332	4802735520	1798290812	https://ftp.sra.ebi.ac.uk/vol1/fastq/SRR624/003/SRR6242583/SRR6242583_1.fastq.gz	c3e6a8d120de85867bc0c3a9592e66a5	1149441145	https://ftp.sra.ebi.ac.uk/vol1/fastq/SRR624/003/SRR6242583/SRR6242583_2.fastq.gz	9f6b485d7f714913e582acfc2836d621	1242083936
SRR6242585	Kesen_075	Kesen	SAMN07948503	21636652250	7204518527	https://ftp.sra.ebi.ac.uk/vol1/fastq/SRR624/005/SRR6242585/SRR6242585_1.fastq.gz	b02a7ea1fda576aeffa634d8a6a0ee90	3886303269	https://ftp.sra.ebi.ac.uk/vol1/fastq/SRR624/005/SRR6242585/SRR6242585_2.fastq.gz	9b1bbbe4f8c083f85652f3edf5ed0535	3750461904
SRR6242586	Kesen_074	Kesen	SAMN07948502	1364518730	683157016	https://ftp.sra.ebi.ac.uk/vol1/fastq/SRR624/006/SRR6242586/SRR6242586_1.fastq.gz	9a471cd26bdbca20aa803cc94fd4ecfd	430882048	https://ftp.sra.ebi.ac.uk/vol1/fastq/SRR624/006/SRR6242586/SRR6242586_2.fastq.gz	ddb2d5620642b81857b20a5fa1ffffe8	446436194
SRR6242588	Kesen_067	Kesen	SAMN07948498	3740183324	1535940794	https://ftp.sra.ebi.ac.uk/vol1/fastq/SRR624/008/SRR6242588/SRR6242588_1.fastq.gz	961830a6c7cf35b1c9a7493091b07a17	954271260	https://ftp.sra.ebi.ac.uk/vol1/fastq/SRR624/008/SRR6242588/SRR6242588_2.fastq.gz	62c28bb90d8b345863728f9622406139	1063018095
SRR6242590	Kesen_071	Kesen	SAMN07948499	4566305928	1801284973	https://ftp.sra.ebi.ac.uk/vol1/fastq/SRR624/000/SRR6242590/SRR6242590_1.fastq.gz	8625d97270acda0cd658916d902780a5	1118227716	https://ftp.sra.ebi.ac.uk/vol1/fastq/SRR624/000/SRR6242590/SRR6242590_2.fastq.gz	a1d57aa0b9fbc550582b8c5250c57581	1233766147
SRR6242592	Kesen_072	Kesen	SAMN07948500	7146069280	2776829521	https://ftp.sra.ebi.ac.uk/vol1/fastq/SRR624/002/SRR6242592/SRR6242592_1.fastq.gz	22df9eecbdb87a4c95eeb362edac1a10	1688341673	https://ftp.sra.ebi.ac.uk/vol1/fastq/SRR624/002/SRR6242592/SRR6242592_2.fastq.gz	0b38ed392baec68b1ba260e2a2a40627	1908741839
SRR6242594	Kesen_073	Kesen	SAMN07948501	1612260800	603521716	https://ftp.sra.ebi.ac.uk/vol1/fastq/SRR624/004/SRR6242594/SRR6242594_1.fastq.gz	e9ee21e0d4de386dd2bd7fd75e74c200	391081118	https://ftp.sra.ebi.ac.uk/vol1/fastq/SRR624/004/SRR6242594/SRR6242594_2.fastq.gz	864ebaa1c51471e0b8ed88ca6970e85c	427476935
SRR6242596	Kesen_066	Kesen	SAMN07948497	4541348396	1774583514	https://ftp.sra.ebi.ac.uk/vol1/fastq/SRR624/006/SRR6242596/SRR6242596_1.fastq.gz	5cd37a0ee30851cdcb7d5cc35e3c7f5d	1113453226	https://ftp.sra.ebi.ac.uk/vol1/fastq/SRR624/006/SRR6242596/SRR6242596_2.fastq.gz	33213a714b14cf9cb7df7c56196c31ee	1238316921
SRR6242598	Kayat_077	Kayat	SAMN07948482	10567075250	3281105109	https://ftp.sra.ebi.ac.uk/vol1/fastq/SRR624/008/SRR6242598/SRR6242598_1.fastq.gz	8c420fdcd6b1e9cc81764888048ad352	1829437960	https://ftp.sra.ebi.ac.uk/vol1/fastq/SRR624/008/SRR6242598/SRR6242598_2.fastq.gz	ade22419fbed1f582d9a438b311edd56	1796408669
SRR6242600	Kayat_080	Kayat	SAMN07948484	5403477024	2126861548	https://ftp.sra.ebi.ac.uk/vol1/fastq/SRR624/000/SRR6242600/SRR6242600_1.fastq.gz	11c5c11441c821b17a0f3f87906bd0d3	1381975945	https://ftp.sra.ebi.ac.uk/vol1/fastq/SRR624/000/SRR6242600/SRR6242600_2.fastq.gz	3a138abf25959eade0765d69960d1575	1375331271
SRR6242602	Kesen_061	Kesen	SAMN07948492	7296844608	2770086133	https://ftp.sra.ebi.ac.uk/vol1/fastq/SRR624/002/SRR6242602/SRR6242602_1.fastq.gz	4a6c70e633c3e531c5795b63c23c0c26	1752570044	https://ftp.sra.ebi.ac.uk/vol1/fastq/SRR624/002/SRR6242602/SRR6242602_2.fastq.gz	efed7f031f81c75076dc6a6aa7156196	1920048931
SRR6242604	Kesen_065	Kesen	SAMN07948496	3750258784	1467774946	https://ftp.sra.ebi.ac.uk/vol1/fastq/SRR624/004/SRR6242604/SRR6242604_1.fastq.gz	6563b01c5c03eb2c02bf4e6d95775334	903318185	https://ftp.sra.ebi.ac.uk/vol1/fastq/SRR624/004/SRR6242604/SRR6242604_2.fastq.gz	65bf51c9a618224dac92dd45f0e1eba5	1055741000
SRR6242606	Sirna_085	Sirna	SAMN07948724	3185015484	1404498371	https://ftp.sra.ebi.ac.uk/vol1/fastq/SRR624/006/SRR6242606/SRR6242606_1.fastq.gz	a6862b1074af5a3cc05876dde2820347	906971208	https://ftp.sra.ebi.ac.uk/vol1/fastq/SRR624/006/SRR6242606/SRR6242606_2.fastq.gz	e61e1d8d2736e681ddf66ff3664a9af2	976812644
SRR6242608	Sirna_084	Sirna	SAMN07948723	3986650368	1556635778	https://ftp.sra.ebi.ac.uk/vol1/fastq/SRR624/008/SRR6242608/SRR6242608_1.fastq.gz	f6b7e8d4e613b24f86c5a07b565e6989	1009790703	https://ftp.sra.ebi.ac.uk/vol1/fastq/SRR624/008/SRR6242608/SRR6242608_2.fastq.gz	42920d69e9810b1e3171c192b1c38e1c	1026463743
SRR6242609	Sirna_088	Sirna	SAMN07948726	641033778	271714776	https://ftp.sra.ebi.ac.uk/vol1/fastq/SRR624/009/SRR6242609/SRR6242609_1.fastq.gz	a168f704458156032555c6b2f3b120ec	174514217	https://ftp.sra.ebi.ac.uk/vol1/fastq/SRR624/009/SRR6242609/SRR6242609_2.fastq.gz	bcbaae926511c76f225fe1d78755d1f8	189615717
SRR6242610	Sirna_088	Sirna	SAMN07948726	5758614928	2222720623	https://ftp.sra.ebi.ac.uk/vol1/fastq/SRR624/000/SRR6242610/SRR6242610_1.fastq.gz	9b6e8918a2448034ae5066730138a76e	1481143881	https://ftp.sra.ebi.ac.uk/vol1/fastq/SRR624/000/SRR6242610/SRR6242610_2.fastq.gz	9b4255dabb51ad78534a85ba17b61b1d	1552938965
SRR6242612	Bari1_093	Bari1	SAMN07948069	5618421640	2196145499	https://ftp.sra.ebi.ac.uk/vol1/fastq/SRR624/002/SRR6242612/SRR6242612_1.fastq.gz	8c5795c6b6ff8ca2bd52aa62bc5ca08e	1404196912	https://ftp.sra.ebi.ac.uk/vol1/fastq/SRR624/002/SRR6242612/SRR6242612_2.fastq.gz	663fd91718a3de36f42df74e1fc314bb	1516152322
SRR6242613	Sirna_089	Sirna	SAMN07948727	1146787600	517449947	https://ftp.sra.ebi.ac.uk/vol1/fastq/SRR624/003/SRR6242613/SRR6242613_1.fastq.gz	92ae75124de417ac2f9f50ec0e150aaa	326422797	https://ftp.sra.ebi.ac.uk/vol1/fastq/SRR624/003/SRR6242613/SRR6242613_2.fastq.gz	0cc353963ed58d0314b1dd11ccbe4ff5	351464783
SRR6242614	Sirna_089	Sirna	SAMN07948727	1941430464	768920178	https://ftp.sra.ebi.ac.uk/vol1/fastq/SRR624/004/SRR6242614/SRR6242614_1.fastq.gz	8b8030fc4464307b8a6ea7a088d23d73	492684524	https://ftp.sra.ebi.ac.uk/vol1/fastq/SRR624/004/SRR6242614/SRR6242614_2.fastq.gz	85fe0b4a291147faa692bf0b040266f0	509960615
SRR6242623	Sirna_064	Sirna	SAMN07948708	2670196200	1133245426	https://ftp.sra.ebi.ac.uk/vol1/fastq/SRR624/003/SRR6242623/SRR6242623_1.fastq.gz	e291fbb55a3fea0274137af0b30fcf5d	717934594	https://ftp.sra.ebi.ac.uk/vol1/fastq/SRR624/003/SRR6242623/SRR6242623_2.fastq.gz	ba62112ff44b94ab1d44909a67c4d774	785385091
SRR6242624	Sirna_064	Sirna	SAMN07948708	2971702104	1165247383	https://ftp.sra.ebi.ac.uk/vol1/fastq/SRR624/004/SRR6242624/SRR6242624_1.fastq.gz	b5f6935970731c1106ae0f7c9dd2f965	710666150	https://ftp.sra.ebi.ac.uk/vol1/fastq/SRR624/004/SRR6242624/SRR6242624_2.fastq.gz	828968eb58983b498317af17adf4acd9	824438557
SRR6242626	Sirna_067	Sirna	SAMN07948712	7906650148	3064855743	https://ftp.sra.ebi.ac.uk/vol1/fastq/SRR624/006/SRR6242626/SRR6242626_1.fastq.gz	f46584132bbb68c30269119e77c8d8b8	1970720685	https://ftp.sra.ebi.ac.uk/vol1/fastq/SRR624/006/SRR6242626/SRR6242626_2.fastq.gz	fb1713e57cf23dded3b43d52a64127f4	2118183003
SRR6242628	Sirna_062	Sirna	SAMN07948706	3947132870	1486779425	https://ftp.sra.ebi.ac.uk/vol1/fastq/SRR624/008/SRR6242628/SRR6242628_1.fastq.gz	746db7a40a7cdc4475b624902b144fbd	952217008	https://ftp.sra.ebi.ac.uk/vol1/fastq/SRR624/008/SRR6242628/SRR6242628_2.fastq.gz	2831fa6732ddeafd2e9aaec664a80a01	1025667021
SRR6242629	Sirna_063	Sirna	SAMN07948707	1020923688	433984469	https://ftp.sra.ebi.ac.uk/vol1/fastq/SRR624/009/SRR6242629/SRR6242629_1.fastq.gz	ec7d5012aa7f52c83004293cbb2eba0c	278099534	https://ftp.sra.ebi.ac.uk/vol1/fastq/SRR624/009/SRR6242629/SRR6242629_2.fastq.gz	fbcf7940a847267d397c4c853556dad0	303689413
SRR6242630	Sirna_063	Sirna	SAMN07948707	1858726290	687770377	https://ftp.sra.ebi.ac.uk/vol1/fastq/SRR624/000/SRR6242630/SRR6242630_1.fastq.gz	e9a9c067dbde6c5fe647716afb8e0497	445106693	https://ftp.sra.ebi.ac.uk/vol1/fastq/SRR624/000/SRR6242630/SRR6242630_2.fastq.gz	54d95ae6a01c990a1a8a1f886334806a	485936582
SRR6242631	Egill_073	Egill	SAMN07948386	6772376500	2112683190	https://ftp.sra.ebi.ac.uk/vol1/fastq/SRR624/001/SRR6242631/SRR6242631_1.fastq.gz	7bec720e7abf631031429770874a6844	1215399770	https://ftp.sra.ebi.ac.uk/vol1/fastq/SRR624/001/SRR6242631/SRR6242631_2.fastq.gz	7efd01170765a500eb7b920091c62ef1	1218983727
SRR6242632	Egill_073	Egill	SAMN07948386	16203757000	5133974701	https://ftp.sra.ebi.ac.uk/vol1/fastq/SRR624/002/SRR6242632/SRR6242632_1.fastq.gz	e9ff2e50aa6aed7d5c160ad7bbf3781c	3062397107	https://ftp.sra.ebi.ac.uk/vol1/fastq/SRR624/002/SRR6242632/SRR6242632_2.fastq.gz	6037d486dc0ed3fc935cd4ff2d4e2014	2864755038
SRR6242633	Egill_069	Egill	SAMN07948383	7105134968	2711105623	https://ftp.sra.ebi.ac.uk/vol1/fastq/SRR624/003/SRR6242633/SRR6242633_1.fastq.gz	7a5c3d93c10a70230e1d0d4ba4410c80	1724018270	https://ftp.sra.ebi.ac.uk/vol1/fastq/SRR624/003/SRR6242633/SRR6242633_2.fastq.gz	bb26faf4d48702d0463ec29b4a113b5d	1898182559
SRR6242635	Egill_072	Egill	SAMN07948385	8732605728	3316717036	https://ftp.sra.ebi.ac.uk/vol1/fastq/SRR624/005/SRR6242635/SRR6242635_1.fastq.gz	bbe1f3ea3af8997cf2a8d5ddcb8b1e83	2180263574	https://ftp.sra.ebi.ac.uk/vol1/fastq/SRR624/005/SRR6242635/SRR6242635_2.fastq.gz	ef85b67d7d26f5f6e14a9f41f7101b7b	2273664807
SRR6242637	Egill_066	Egill	SAMN07948381	6233259760	2375385253	https://ftp.sra.ebi.ac.uk/vol1/fastq/SRR624/007/SRR6242637/SRR6242637_1.fastq.gz	d11e3d9da65cb0afc5d74bcb1eb7b32b	1529382729	https://ftp.sra.ebi.ac.uk/vol1/fastq/SRR624/007/SRR6242637/SRR6242637_2.fastq.gz	f18b5bc576e185a5fed375e7292a9b83	1644591113
SRR6242638	Egill_066	Egill	SAMN07948381	926017974	394349476	https://ftp.sra.ebi.ac.uk/vol1/fastq/SRR624/008/SRR6242638/SRR6242638_1.fastq.gz	ab57e7646763166598815ae134cc320a	250763066	https://ftp.sra.ebi.ac.uk/vol1/fastq/SRR624/008/SRR6242638/SRR6242638_2.fastq.gz	eea7718752965e776d0e48576743d32e	271317914
SRR6242639	Egill_067A	Egill	SAMN07948382	10815491420	4073223642	https://ftp.sra.ebi.ac.uk/vol1/fastq/SRR624/009/SRR6242639/SRR6242639_1.fastq.gz	d4928b1d2ae43f539514b336191fcd0a	2690747554	https://ftp.sra.ebi.ac.uk/vol1/fastq/SRR624/009/SRR6242639/SRR6242639_2.fastq.gz	1dd8feb848bb70a871f51b1269e8c0d7	2877239212
SRR6242640	Egill_067A	Egill	SAMN07948382	671657816	284976481	https://ftp.sra.ebi.ac.uk/vol1/fastq/SRR624/000/SRR6242640/SRR6242640_1.fastq.gz	c22d96b2d18dbc50caa3e7bf7f81eef7	182878802	https://ftp.sra.ebi.ac.uk/vol1/fastq/SRR624/000/SRR6242640/SRR6242640_2.fastq.gz	a373a83389ba0937a2e57f386aeb767e	198479452
SRR6242651	Oyali_101	Oyali	SAMN07948597	2332827570	1166613617	https://ftp.sra.ebi.ac.uk/vol1/fastq/SRR624/001/SRR6242651/SRR6242651_1.fastq.gz	9bd70a4d6ec54da456c2d80908ff0162	746593491	https://ftp.sra.ebi.ac.uk/vol1/fastq/SRR624/001/SRR6242651/SRR6242651_2.fastq.gz	1e0774e21bf3602113bbc73dcd9e140d	778884316
SRR6242653	Oyali_104	Oyali	SAMN07948600	3343322036	1361189791	https://ftp.sra.ebi.ac.uk/vol1/fastq/SRR624/003/SRR6242653/SRR6242653_1.fastq.gz	72733425d3d13138330216475a857c3b	858408194	https://ftp.sra.ebi.ac.uk/vol1/fastq/SRR624/003/SRR6242653/SRR6242653_2.fastq.gz	54fa9e25cabc5041b34e0621439abb53	944197441
SRR6242655	Oyali_105	Oyali	SAMN07948601	3558306240	1379149541	https://ftp.sra.ebi.ac.uk/vol1/fastq/SRR624/005/SRR6242655/SRR6242655_1.fastq.gz	1077f9d60c5cd7773d694aebbbfcbef6	907363065	https://ftp.sra.ebi.ac.uk/vol1/fastq/SRR624/005/SRR6242655/SRR6242655_2.fastq.gz	058ccd4002809385ee55887a44bf844d	911339914
SRR6242657	Oyali_107	Oyali	SAMN07948603	4958517564	2194786412	https://ftp.sra.ebi.ac.uk/vol1/fastq/SRR624/007/SRR6242657/SRR6242657_1.fastq.gz	2514ef0d64c06959cb5a6ca719d3e535	1412495796	https://ftp.sra.ebi.ac.uk/vol1/fastq/SRR624/007/SRR6242657/SRR6242657_2.fastq.gz	e513069729c04af964b751d114f848d5	1519404590
SRR6242659	Oyali_110	Oyali	SAMN07948605	13442735380	5150438973	https://ftp.sra.ebi.ac.uk/vol1/fastq/SRR624/009/SRR6242659/SRR6242659_1.fastq.gz	8428a4ddb5b38b0dda297b85a24db3dc	3311663091	https://ftp.sra.ebi.ac.uk/vol1/fastq/SRR624/009/SRR6242659/SRR6242659_2.fastq.gz	94319c2f2912f535d7813d6a596370ab	3605196384
SRR6242662	Bari3_103	Bari3	SAMN07948200	172241370	73508575	https://ftp.sra.ebi.ac.uk/vol1/fastq/SRR624/002/SRR6242662/SRR6242662_1.fastq.gz	d7b20f19d90ab9a9724a4a0a8a3e92ea	46985621	https://ftp.sra.ebi.ac.uk/vol1/fastq/SRR624/002/SRR6242662/SRR6242662_2.fastq.gz	a26feaf0899a2a6a21a0f688979199c6	50981782
SRR6242663	Bari3_103	Bari3	SAMN07948200	16727913510	8213237205	https://ftp.sra.ebi.ac.uk/vol1/fastq/SRR624/003/SRR6242663/SRR6242663_1.fastq.gz	66312a9ac53c88ae69ddf967038d0052	5274046800	https://ftp.sra.ebi.ac.uk/vol1/fastq/SRR624/003/SRR6242663/SRR6242663_2.fastq.gz	16c9d486a9d2407f8ba8ced0ae90826d	5534413222
SRR6242665	Bari3_092	Bari3	SAMN07948196	1876653800	698319455	https://ftp.sra.ebi.ac.uk/vol1/fastq/SRR624/005/SRR6242665/SRR6242665_1.fastq.gz	17d3d95a03dd5ff5726e71127c749de5	443833257	https://ftp.sra.ebi.ac.uk/vol1/fastq/SRR624/005/SRR6242665/SRR6242665_2.fastq.gz	9882b479fda4472e4bb78025a6333474	494934022
SRR6242666	Bari3_100	Bari3	SAMN07948197	10334168750	3371612360	https://ftp.sra.ebi.ac.uk/vol1/fastq/SRR624/006/SRR6242666/SRR6242666_1.fastq.gz	ed363fe7a43381c137971791b7c9e4aa	1916401488	https://ftp.sra.ebi.ac.uk/vol1/fastq/SRR624/006/SRR6242666/SRR6242666_2.fastq.gz	6b036baa66ec9075fcb16edbf918d795	1802989891
SRR6242667	Bari3_100	Bari3	SAMN07948197	10322934000	3153187811	https://ftp.sra.ebi.ac.uk/vol1/fastq/SRR624/007/SRR6242667/SRR6242667_1.fastq.gz	6c9e3cbc50c837c49a1971eb2c19c2dd	1729348552	https://ftp.sra.ebi.ac.uk/vol1/fastq/SRR624/007/SRR6242667/SRR6242667_2.fastq.gz	4f475483b0fd78e6f13d3f8e460eb82e	1711128332
SRR6242668	Bari3_101	Bari3	SAMN07948198	499783536	219844192	https://ftp.sra.ebi.ac.uk/vol1/fastq/SRR624/008/SRR6242668/SRR6242668_1.fastq.gz	06a94d7e5e3fc4d8dd68517c970610b1	138212175	https://ftp.sra.ebi.ac.uk/vol1/fastq/SRR624/008/SRR6242668/SRR6242668_2.fastq.gz	e65a687ccb2c2958581bdc9aa78a6322	149648206
SRR6242669	Bari3_101	Bari3	SAMN07948198	9688511820	3923989345	https://ftp.sra.ebi.ac.uk/vol1/fastq/SRR624/009/SRR6242669/SRR6242669_1.fastq.gz	007c097f401bf8a982117fa315c79e68	2372443400	https://ftp.sra.ebi.ac.uk/vol1/fastq/SRR624/009/SRR6242669/SRR6242669_2.fastq.gz	cf7b80c0e5712a68ddc63d1ee94b958c	2777662359
SRR6242670	Bari3_102	Bari3	SAMN07948199	1313900136	571304087	https://ftp.sra.ebi.ac.uk/vol1/fastq/SRR624/000/SRR6242670/SRR6242670_1.fastq.gz	d38abe27cbede9d5fdb94366c97d6f0a	358365194	https://ftp.sra.ebi.ac.uk/vol1/fastq/SRR624/000/SRR6242670/SRR6242670_2.fastq.gz	a920003e5767524a2c9ac0ae1aa852be	389461382
SRR6242671	Bari3_102	Bari3	SAMN07948199	3467457210	1352906299	https://ftp.sra.ebi.ac.uk/vol1/fastq/SRR624/001/SRR6242671/SRR6242671_1.fastq.gz	595761b68f5d7c9734936257b0ba8143	832417886	https://ftp.sra.ebi.ac.uk/vol1/fastq/SRR624/001/SRR6242671/SRR6242671_2.fastq.gz	9a0d9469191fc81a603a06573defcdaf	939914578
